date,lengths_mm,weights_kg
4/11/2009,905,74.12
4/11/2009,928,79.92
8/19/2009,282,2.24
4/11/2009,818,54.73
8/19/2009,251,1.58
4/11/2009,570,18.52
8/19/2009,613,23.03
8/19/2009,583,19.82
4/11/2009,828,56.77
8/19/2009,504,12.8
8/19/2009,884,69.08
8/19/2009,665,29.41
8/19/2009,443,8.69
4/11/2009,783,48
4/11/2009,933,81.22
4/11/2009,685,32.14
8/19/2009,546,16.28
8/19/2009,658,28.49
8/19/2009,746,41.52
8/19/2009,328,3.53
8/19/2009,870,65.85
4/11/2009,836,58.43
4/11/2009,831,57.39
8/19/2009,424,7.62
8/19/2009,496,12.2
8/19/2009,355,4.47
4/11/2009,818,54.73
8/19/2009,243,1.43
4/11/2009,810,53.14
8/19/2009,987,96.15
8/19/2009,926,79.4
8/19/2009,289,2.41
8/19/2009,822,55.54
4/11/2009,680,31.44
8/19/2009,383,5.62
4/11/2009,269,1.95
4/11/2009,991,97.32
8/19/2009,276,2.1
4/11/2009,927,79.66
8/19/2009,633,25.36
8/19/2009,580,19.51
4/11/2009,884,69.08
4/11/2009,247,1.51
8/19/2009,954,86.83
8/19/2009,787,48.74
8/19/2009,666,29.54
4/11/2009,649,27.34
4/11/2009,320,3.28
8/19/2009,623,24.18
8/19/2009,252,1.6
4/11/2009,805,52.17
4/11/2009,305,2.84
4/11/2009,668,29.81
8/19/2009,677,31.03
8/19/2009,807,52.56
4/11/2009,627,24.65
8/19/2009,903,73.63
4/11/2009,559,17.47
4/11/2009,337,3.83
8/19/2009,534,15.23
8/19/2009,773,46.19
8/19/2009,604,22.03
8/19/2009,818,54.73
8/19/2009,762,44.25
8/19/2009,754,42.87
4/11/2009,787,48.74
8/19/2009,797,50.63
8/19/2009,967,90.42
8/19/2009,948,85.2
8/19/2009,967,90.42
8/19/2009,428,7.84
8/19/2009,523,14.31
4/11/2009,568,18.33
8/19/2009,365,4.86
8/19/2009,675,30.75
8/19/2009,808,52.75
8/19/2009,940,83.06
4/11/2009,506,12.96
4/11/2009,235,1.3
4/11/2009,376,5.32
4/11/2009,487,11.55
4/11/2009,221,1.08
4/11/2009,484,11.34
4/11/2009,954,86.83
4/11/2009,887,69.79
8/19/2009,271,1.99
8/19/2009,310,2.98
8/19/2009,493,11.98
4/11/2009,483,11.27
8/19/2009,518,13.9
4/11/2009,739,40.36
8/19/2009,465,10.05
8/19/2009,426,7.73
8/19/2009,202,0.82
4/11/2009,296,2.59
8/19/2009,552,16.82
4/11/2009,350,4.29
8/19/2009,561,17.66
8/19/2009,276,2.1
4/11/2009,513,13.5
4/11/2009,723,37.79
4/11/2009,781,47.64
4/11/2009,772,46.01
8/19/2009,993,97.91
8/19/2009,381,5.53
4/11/2009,206,0.87
4/11/2009,958,87.92
8/19/2009,950,85.74
8/19/2009,215,0.99
4/11/2009,417,7.25
8/19/2009,385,5.71
4/11/2009,202,0.82
8/19/2009,708,35.49
8/19/2009,874,66.76
8/19/2009,627,24.65
4/11/2009,753,42.7
8/19/2009,601,21.71
8/19/2009,599,21.49
4/11/2009,477,10.85
8/19/2009,284,2.29
4/11/2009,519,13.98
8/19/2009,752,42.53
4/11/2009,488,11.62
8/19/2009,932,80.96
4/11/2009,438,8.4
4/11/2009,830,57.18
4/11/2009,810,53.14
4/11/2009,616,23.37
4/11/2009,596,21.17
4/11/2009,621,23.95
4/11/2009,427,7.79
4/11/2009,492,11.91
4/11/2009,579,19.41
8/19/2009,718,37.01
8/19/2009,926,79.4
4/11/2009,428,7.84
4/11/2009,429,7.9
8/19/2009,700,34.3
8/19/2009,907,74.61
4/11/2009,530,14.89
8/19/2009,749,42.02
4/11/2009,846,60.55
8/19/2009,659,28.62
8/19/2009,728,38.58
4/11/2009,274,2.06
4/11/2009,671,30.21
8/19/2009,426,7.73
4/11/2009,936,82
4/11/2009,679,31.3
4/11/2009,462,9.86
4/11/2009,651,27.59
4/11/2009,895,71.69
4/11/2009,941,83.32
8/19/2009,546,16.28
8/19/2009,206,0.87
8/19/2009,882,68.61
4/11/2009,709,35.64
8/19/2009,683,31.86
4/11/2009,310,2.98
8/19/2009,889,70.26
4/11/2009,399,6.35
4/11/2009,539,15.66
8/19/2009,293,2.52
4/11/2009,674,30.62
8/19/2009,988,96.44
8/19/2009,504,12.8
4/11/2009,303,2.78
4/11/2009,205,0.86
8/19/2009,233,1.26
8/19/2009,218,1.04
8/19/2009,604,22.03
4/11/2009,879,67.92
8/19/2009,839,59.06
8/19/2009,746,41.52
4/11/2009,633,25.36
4/11/2009,870,65.85
8/19/2009,315,3.13
8/19/2009,892,70.97
4/11/2009,989,96.74
4/11/2009,599,21.49
8/19/2009,581,19.61
4/11/2009,499,12.43
8/19/2009,805,52.17
4/11/2009,426,7.73
4/11/2009,735,39.71
4/11/2009,213,0.97
8/19/2009,668,29.81
4/11/2009,367,4.94
4/11/2009,643,26.58
8/19/2009,960,88.47
4/11/2009,628,24.77
4/11/2009,697,33.86
8/19/2009,757,43.38
4/11/2009,917,77.11
8/19/2009,315,3.13
8/19/2009,578,19.31
8/19/2009,710,35.79
8/19/2009,710,35.79
8/19/2009,445,8.81
4/11/2009,882,68.61
4/11/2009,902,73.39
4/11/2009,227,1.17
8/19/2009,942,83.59
8/19/2009,741,40.69
4/11/2009,788,48.93
4/11/2009,561,17.66
4/11/2009,967,90.42
4/11/2009,844,60.12
4/11/2009,685,32.14
8/19/2009,905,74.12
8/19/2009,458,9.61
8/19/2009,956,87.37
8/19/2009,758,43.55
8/19/2009,691,32.99
4/11/2009,638,25.97
8/19/2009,733,39.38
4/11/2009,930,80.44
8/19/2009,526,14.55
4/11/2009,940,83.06
4/11/2009,976,92.97
4/11/2009,630,25
8/19/2009,810,53.14
4/11/2009,994,98.21
8/19/2009,512,13.42
4/11/2009,445,8.81
4/11/2009,796,50.44
8/19/2009,419,7.36
8/19/2009,842,59.69
4/11/2009,561,17.66
4/11/2009,391,5.98
8/19/2009,768,45.3
8/19/2009,387,5.8
8/19/2009,868,65.4
8/19/2009,857,62.94
4/11/2009,442,8.64
8/19/2009,795,50.25
4/11/2009,323,3.37
8/19/2009,972,91.83
8/19/2009,596,21.17
8/19/2009,806,52.36
8/19/2009,730,38.9
8/19/2009,418,7.3
8/19/2009,616,23.37
4/11/2009,447,8.93
8/19/2009,518,13.9
8/19/2009,717,36.86
4/11/2009,217,1.02
4/11/2009,474,10.65
8/19/2009,905,74.12
8/19/2009,778,47.09
4/11/2009,292,2.49
4/11/2009,527,14.64
8/19/2009,275,2.08
8/19/2009,738,40.19
4/11/2009,447,8.93
4/11/2009,723,37.79
8/19/2009,979,93.83
4/11/2009,928,79.92
4/11/2009,368,4.98
4/11/2009,649,27.34
8/19/2009,557,17.28
8/19/2009,711,35.94
8/19/2009,427,7.79
8/19/2009,445,8.81
8/19/2009,836,58.43
4/11/2009,367,4.94
4/11/2009,458,9.61
8/19/2009,403,6.55
8/19/2009,995,98.51
4/11/2009,560,17.56
4/11/2009,975,92.69
8/19/2009,820,55.14
8/19/2009,637,25.85
8/19/2009,460,9.73
8/19/2009,818,54.73
8/19/2009,579,19.41
8/19/2009,555,17.1
8/19/2009,630,25
4/11/2009,533,15.14
4/11/2009,520,14.06
4/11/2009,789,49.12
4/11/2009,307,2.89
8/19/2009,322,3.34
4/11/2009,376,5.32
4/11/2009,852,61.85
4/11/2009,979,93.83
8/19/2009,964,89.58
8/19/2009,766,44.95
4/11/2009,823,55.74
8/19/2009,599,21.49
8/19/2009,784,48.19
8/19/2009,856,62.72
4/11/2009,387,5.8
8/19/2009,603,21.93
4/11/2009,540,15.75
4/11/2009,755,43.04
8/19/2009,976,92.97
8/19/2009,506,12.96
4/11/2009,311,3.01
4/11/2009,857,62.94
4/11/2009,680,31.44
8/19/2009,415,7.15
8/19/2009,472,10.52
4/11/2009,934,81.48
4/11/2009,318,3.22
4/11/2009,849,61.2
4/11/2009,348,4.21
8/19/2009,877,67.45
8/19/2009,998,99.4
4/11/2009,608,22.48
4/11/2009,848,60.98
8/19/2009,861,63.83
8/19/2009,361,4.7
4/11/2009,752,42.53
8/19/2009,793,49.87
8/19/2009,253,1.62
8/19/2009,549,16.55
4/11/2009,711,35.94
4/11/2009,258,1.72
8/19/2009,393,6.07
8/19/2009,505,12.88
4/11/2009,781,47.64
4/11/2009,450,9.11
4/11/2009,849,61.2
4/11/2009,632,25.24
4/11/2009,869,65.62
8/19/2009,941,83.32
8/19/2009,875,66.99
8/19/2009,811,53.34
4/11/2009,760,43.9
8/19/2009,236,1.31
8/19/2009,573,18.81
4/11/2009,564,17.94
8/19/2009,741,40.69
4/11/2009,803,51.78
4/11/2009,964,89.58
4/11/2009,204,0.85
4/11/2009,675,30.75
4/11/2009,322,3.34
4/11/2009,292,2.49
4/11/2009,792,49.68
8/19/2009,240,1.38
4/11/2009,545,16.19
8/19/2009,208,0.9
4/11/2009,713,36.25
8/19/2009,409,6.84
4/11/2009,692,33.14
4/11/2009,322,3.34
8/19/2009,999,99.7
4/11/2009,500,12.5
4/11/2009,667,29.67
4/11/2009,764,44.59
4/11/2009,598,21.38
8/19/2009,501,12.58
8/19/2009,590,20.54
8/19/2009,543,16.01
8/19/2009,426,7.73
8/19/2009,608,22.48
4/11/2009,771,45.83
4/11/2009,543,16.01
4/11/2009,547,16.37
4/11/2009,626,24.53
8/19/2009,588,20.33
8/19/2009,982,94.7
4/11/2009,487,11.55
4/11/2009,820,55.14
8/19/2009,430,7.95
4/11/2009,235,1.3
8/19/2009,712,36.09
4/11/2009,236,1.31
8/19/2009,257,1.7
8/19/2009,461,9.8
4/11/2009,721,37.48
8/19/2009,438,8.4
4/11/2009,533,15.14
4/11/2009,870,65.85
4/11/2009,201,0.81
8/19/2009,531,14.97
8/19/2009,363,4.78
4/11/2009,557,17.28
8/19/2009,948,85.2
4/11/2009,377,5.36
4/11/2009,241,1.4
8/19/2009,274,2.06
8/19/2009,245,1.47
4/11/2009,894,71.45
8/19/2009,950,85.74
4/11/2009,314,3.1
4/11/2009,654,27.97
4/11/2009,280,2.2
4/11/2009,885,69.32
4/11/2009,226,1.15
8/19/2009,673,30.48
8/19/2009,888,70.02
4/11/2009,662,29.01
8/19/2009,724,37.95
4/11/2009,421,7.46
4/11/2009,368,4.98
4/11/2009,655,28.1
8/19/2009,264,1.84
8/19/2009,809,52.95
8/19/2009,571,18.62
4/11/2009,907,74.61
4/11/2009,889,70.26
4/11/2009,227,1.17
8/19/2009,538,15.57
4/11/2009,511,13.34
4/11/2009,991,97.32
4/11/2009,588,20.33
8/19/2009,263,1.82
4/11/2009,856,62.72
8/19/2009,832,57.59
4/11/2009,259,1.74
4/11/2009,418,7.3
4/11/2009,257,1.7
8/19/2009,969,90.99
8/19/2009,295,2.57
8/19/2009,935,81.74
4/11/2009,306,2.87
8/19/2009,692,33.14
8/19/2009,415,7.15
8/19/2009,843,59.91
8/19/2009,219,1.05
8/19/2009,706,35.19
4/11/2009,793,49.87
4/11/2009,548,16.46
4/11/2009,723,37.79
4/11/2009,305,2.84
4/11/2009,671,30.21
8/19/2009,743,41.02
4/11/2009,984,95.28
4/11/2009,480,11.06
4/11/2009,229,1.2
8/19/2009,255,1.66
4/11/2009,901,73.14
4/11/2009,984,95.28
4/11/2009,587,20.23
4/11/2009,566,18.13
8/19/2009,797,50.63
8/19/2009,815,54.13
4/11/2009,399,6.35
8/19/2009,678,31.17
4/11/2009,772,46.01
8/19/2009,585,20.02
4/11/2009,848,60.98
8/19/2009,690,32.85
8/19/2009,848,60.98
4/11/2009,672,30.35
8/19/2009,265,1.86
8/19/2009,415,7.15
8/19/2009,625,24.41
8/19/2009,557,17.28
8/19/2009,880,68.15
8/19/2009,240,1.38
8/19/2009,366,4.9
4/11/2009,948,85.2
4/11/2009,286,2.34
8/19/2009,208,0.9
8/19/2009,465,10.05
8/19/2009,562,17.75
8/19/2009,927,79.66
4/11/2009,794,50.06
8/19/2009,673,30.48
4/11/2009,711,35.94
8/19/2009,903,73.63
4/11/2009,530,14.89
4/11/2009,837,58.64
4/11/2009,896,71.93
8/19/2009,270,1.97
4/11/2009,577,19.21
8/19/2009,647,27.08
8/19/2009,221,1.08
8/19/2009,808,52.75
8/19/2009,910,75.36
4/11/2009,320,3.28
4/11/2009,889,70.26
8/19/2009,621,23.95
4/11/2009,316,3.16
8/19/2009,318,3.22
4/11/2009,797,50.63
4/11/2009,875,66.99
8/19/2009,550,16.64
4/11/2009,503,12.73
8/19/2009,519,13.98
8/19/2009,995,98.51
4/11/2009,785,48.37
4/11/2009,779,47.27
4/11/2009,558,17.37
8/19/2009,501,12.58
4/11/2009,358,4.59
4/11/2009,281,2.22
4/11/2009,235,1.3
8/19/2009,336,3.79
4/11/2009,964,89.58
4/11/2009,711,35.94
8/19/2009,583,19.82
8/19/2009,514,13.58
4/11/2009,203,0.84
8/19/2009,860,63.61
4/11/2009,301,2.73
8/19/2009,748,41.85
4/11/2009,316,3.16
4/11/2009,821,55.34
8/19/2009,890,70.5
4/11/2009,467,10.18
4/11/2009,472,10.52
4/11/2009,669,29.94
4/11/2009,408,6.79
4/11/2009,954,86.83
4/11/2009,263,1.82
8/19/2009,294,2.54
4/11/2009,227,1.17
4/11/2009,416,7.2
4/11/2009,971,91.55
8/19/2009,768,45.3
8/19/2009,477,10.85
8/19/2009,663,29.14
4/11/2009,911,75.61
8/19/2009,595,21.06
4/11/2009,521,14.14
8/19/2009,922,78.38
8/19/2009,616,23.37
4/11/2009,634,25.48
4/11/2009,812,53.54
4/11/2009,423,7.57
8/19/2009,896,71.93
4/11/2009,757,43.38
4/11/2009,280,2.2
8/19/2009,290,2.44
4/11/2009,960,88.47
4/11/2009,759,43.72
8/19/2009,803,51.78
4/11/2009,481,11.13
4/11/2009,250,1.56
4/11/2009,911,75.61
4/11/2009,721,37.48
4/11/2009,945,84.39
8/19/2009,746,41.52
8/19/2009,843,59.91
8/19/2009,479,10.99
4/11/2009,854,62.28
4/11/2009,949,85.47
8/19/2009,498,12.35
8/19/2009,263,1.82
8/19/2009,891,70.73
4/11/2009,897,72.17
4/11/2009,355,4.47
8/19/2009,949,85.47
8/19/2009,255,1.66
8/19/2009,556,17.19
4/11/2009,941,83.32
8/19/2009,664,29.28
4/11/2009,488,11.62
4/11/2009,688,32.57
8/19/2009,735,39.71
4/11/2009,431,8.01
8/19/2009,650,27.46
4/11/2009,715,36.55
8/19/2009,542,15.92
8/19/2009,334,3.73
8/19/2009,782,47.82
8/19/2009,827,56.56
8/19/2009,391,5.98
4/11/2009,272,2.01
8/19/2009,372,5.15
4/11/2009,433,8.12
8/19/2009,442,8.64
8/19/2009,276,2.1
4/11/2009,232,1.25
8/19/2009,952,86.28
8/19/2009,504,12.8
4/11/2009,215,0.99
4/11/2009,506,12.96
8/19/2009,826,56.36
8/19/2009,612,22.92
4/11/2009,565,18.04
4/11/2009,443,8.69
4/11/2009,412,6.99
4/11/2009,297,2.62
8/19/2009,239,1.37
8/19/2009,867,65.17
8/19/2009,340,3.93
4/11/2009,475,10.72
4/11/2009,922,78.38
8/19/2009,817,54.53
8/19/2009,875,66.99
8/19/2009,916,76.86
8/19/2009,473,10.58
4/11/2009,505,12.88
4/11/2009,463,9.93
4/11/2009,457,9.54
8/19/2009,977,93.26
8/19/2009,658,28.49
8/19/2009,735,39.71
4/11/2009,297,2.62
4/11/2009,882,68.61
4/11/2009,671,30.21
8/19/2009,734,39.54
8/19/2009,663,29.14
4/11/2009,421,7.46
8/19/2009,956,87.37
4/11/2009,536,15.4
4/11/2009,375,5.27
4/11/2009,752,42.53
8/19/2009,568,18.33
4/11/2009,812,53.54
8/19/2009,831,57.39
4/11/2009,761,44.07
8/19/2009,734,39.54
4/11/2009,579,19.41
4/11/2009,989,96.74
8/19/2009,965,89.86
8/19/2009,308,2.92
8/19/2009,362,4.74
4/11/2009,222,1.09
4/11/2009,927,79.66
4/11/2009,880,68.15
8/19/2009,604,22.03
8/19/2009,568,18.33
8/19/2009,894,71.45
8/19/2009,647,27.08
4/11/2009,785,48.37
8/19/2009,790,49.3
8/19/2009,701,34.45
8/19/2009,841,59.48
8/19/2009,552,16.82
8/19/2009,220,1.06
4/11/2009,648,27.21
4/11/2009,855,62.5
8/19/2009,428,7.84
8/19/2009,932,80.96
4/11/2009,228,1.19
4/11/2009,615,23.26
8/19/2009,209,0.91
4/11/2009,602,21.82
8/19/2009,642,26.46
4/11/2009,686,32.28
4/11/2009,398,6.3
4/11/2009,785,48.37
8/19/2009,311,3.01
4/11/2009,787,48.74
4/11/2009,821,55.34
4/11/2009,952,86.28
4/11/2009,278,2.15
4/11/2009,649,27.34
8/19/2009,797,50.63
8/19/2009,458,9.61
8/19/2009,999,99.7
8/19/2009,471,10.45
4/11/2009,878,67.68
8/19/2009,428,7.84
8/19/2009,958,87.92
8/19/2009,814,53.94
8/19/2009,593,20.85
4/11/2009,667,29.67
4/11/2009,577,19.21
8/19/2009,500,12.5
8/19/2009,443,8.69
4/11/2009,287,2.36
8/19/2009,979,93.83
8/19/2009,801,51.39
8/19/2009,227,1.17
8/19/2009,776,46.73
8/19/2009,922,78.38
4/11/2009,258,1.72
4/11/2009,670,30.08
8/19/2009,697,33.86
8/19/2009,275,2.08
8/19/2009,943,83.86
4/11/2009,342,4
4/11/2009,843,59.91
8/19/2009,499,12.43
4/11/2009,528,14.72
8/19/2009,364,4.82
4/11/2009,974,92.4
8/19/2009,454,9.36
8/19/2009,799,51.01
4/11/2009,778,47.09
8/19/2009,569,18.42
4/11/2009,512,13.42
4/11/2009,869,65.62
8/19/2009,859,63.38
4/11/2009,370,5.07
8/19/2009,791,49.49
4/11/2009,548,16.46
8/19/2009,657,28.36
8/19/2009,793,49.87
4/11/2009,996,98.8
4/11/2009,484,11.34
4/11/2009,603,21.93
8/19/2009,618,23.6
8/19/2009,997,99.1
4/11/2009,749,42.02
8/19/2009,628,24.77
8/19/2009,702,34.59
4/11/2009,439,8.46
4/11/2009,383,5.62
8/19/2009,313,3.07
8/19/2009,900,72.9
8/19/2009,298,2.65
8/19/2009,728,38.58
4/11/2009,268,1.92
8/19/2009,654,27.97
4/11/2009,976,92.97
4/11/2009,962,89.03
4/11/2009,893,71.21
8/19/2009,432,8.06
4/11/2009,301,2.73
8/19/2009,527,14.64
4/11/2009,868,65.4
8/19/2009,432,8.06
8/19/2009,540,15.75
4/11/2009,645,26.83
4/11/2009,842,59.69
8/19/2009,455,9.42
8/19/2009,990,97.03
4/11/2009,434,8.17
8/19/2009,682,31.72
8/19/2009,580,19.51
8/19/2009,855,62.5
8/19/2009,520,14.06
8/19/2009,664,29.28
4/11/2009,350,4.29
8/19/2009,237,1.33
8/19/2009,646,26.96
4/11/2009,465,10.05
8/19/2009,208,0.9
8/19/2009,897,72.17
8/19/2009,848,60.98
8/19/2009,889,70.26
8/19/2009,659,28.62
4/11/2009,470,10.38
4/11/2009,458,9.61
8/19/2009,382,5.57
4/11/2009,553,16.91
4/11/2009,843,59.91
4/11/2009,531,14.97
8/19/2009,903,73.63
4/11/2009,542,15.92
8/19/2009,375,5.27
8/19/2009,268,1.92
4/11/2009,673,30.48
8/19/2009,284,2.29
8/19/2009,552,16.82
8/19/2009,581,19.61
8/19/2009,641,26.34
4/11/2009,933,81.22
8/19/2009,266,1.88
4/11/2009,494,12.06
4/11/2009,410,6.89
8/19/2009,867,65.17
8/19/2009,502,12.65
4/11/2009,259,1.74
4/11/2009,220,1.06
8/19/2009,536,15.4
8/19/2009,237,1.33
4/11/2009,835,58.22
4/11/2009,924,78.89
4/11/2009,459,9.67
4/11/2009,269,1.95
4/11/2009,329,3.56
4/11/2009,988,96.44
4/11/2009,607,22.36
8/19/2009,737,40.03
8/19/2009,762,44.25
8/19/2009,787,48.74
4/11/2009,825,56.15
8/19/2009,382,5.57
8/19/2009,389,5.89
8/19/2009,735,39.71
8/19/2009,331,3.63
4/11/2009,238,1.35
4/11/2009,332,3.66
8/19/2009,828,56.77
8/19/2009,234,1.28
8/19/2009,954,86.83
4/11/2009,454,9.36
4/11/2009,240,1.38
4/11/2009,393,6.07
8/19/2009,510,13.27
4/11/2009,526,14.55
8/19/2009,436,8.29
4/11/2009,784,48.19
4/11/2009,344,4.07
4/11/2009,995,98.51
4/11/2009,539,15.66
8/19/2009,313,3.07
4/11/2009,798,50.82
8/19/2009,232,1.25
8/19/2009,213,0.97
4/11/2009,955,87.1
4/11/2009,859,63.38
8/19/2009,395,6.16
8/19/2009,261,1.78
4/11/2009,681,31.58
4/11/2009,829,56.97
8/19/2009,937,82.27
8/19/2009,371,5.11
4/11/2009,522,14.22
4/11/2009,277,2.13
8/19/2009,904,73.88
8/19/2009,497,12.28
8/19/2009,938,82.53
8/19/2009,489,11.69
8/19/2009,269,1.95
8/19/2009,345,4.11
8/19/2009,291,2.46
8/19/2009,938,82.53
8/19/2009,979,93.83
4/11/2009,290,2.44
4/11/2009,738,40.19
8/19/2009,593,20.85
4/11/2009,997,99.1
8/19/2009,966,90.14
8/19/2009,979,93.83
8/19/2009,341,3.97
8/19/2009,884,69.08
8/19/2009,589,20.43
4/11/2009,483,11.27
4/11/2009,750,42.19
8/19/2009,839,59.06
4/11/2009,453,9.3
4/11/2009,742,40.85
8/19/2010,377,53.58
8/19/2010,917,771.1
4/11/2010,261,17.78
8/19/2010,456,94.82
4/11/2010,830,571.79
8/19/2010,826,563.56
4/11/2010,940,830.58
4/11/2010,974,924.01
8/19/2010,720,373.25
4/11/2010,849,611.96
4/11/2010,939,827.94
4/11/2010,989,967.36
4/11/2010,238,13.48
4/11/2010,311,30.08
4/11/2010,979,938.31
8/19/2010,416,71.99
8/19/2010,836,584.28
8/19/2010,738,401.95
4/11/2010,312,30.37
8/19/2010,644,267.09
4/11/2010,731,390.62
4/11/2010,695,335.7
8/19/2010,621,239.48
8/19/2010,775,465.48
8/19/2010,950,857.38
8/19/2010,830,571.79
8/19/2010,710,357.91
4/11/2010,813,537.37
4/11/2010,786,485.59
8/19/2010,878,676.84
8/19/2010,927,796.6
8/19/2010,927,796.6
8/19/2010,732,392.22
8/19/2010,714,363.99
4/11/2010,479,109.9
8/19/2010,310,29.79
8/19/2010,812,535.39
8/19/2010,638,259.69
4/11/2010,389,58.86
4/11/2010,827,565.61
4/11/2010,620,238.33
4/11/2010,375,52.73
8/19/2010,525,144.7
8/19/2010,749,420.19
4/11/2010,994,982.11
4/11/2010,940,830.58
4/11/2010,270,19.68
4/11/2010,956,873.72
8/19/2010,614,231.48
4/11/2010,228,11.85
4/11/2010,955,870.98
8/19/2010,726,382.66
4/11/2010,380,54.87
8/19/2010,233,12.65
4/11/2010,958,879.22
8/19/2010,728,385.83
4/11/2010,236,13.14
8/19/2010,297,26.2
4/11/2010,355,44.74
4/11/2010,572,187.15
4/11/2010,469,103.16
8/19/2010,403,65.45
8/19/2010,873,665.34
8/19/2010,729,387.42
4/11/2010,279,21.72
8/19/2010,976,929.71
8/19/2010,749,420.19
8/19/2010,900,729
4/11/2010,975,926.86
8/19/2010,455,94.2
4/11/2010,633,253.64
8/19/2010,859,633.84
4/11/2010,550,166.38
8/19/2010,913,761.05
8/19/2010,571,186.17
4/11/2010,752,425.26
8/19/2010,932,809.56
8/19/2010,575,190.11
8/19/2010,342,40
8/19/2010,730,389.02
8/19/2010,440,85.18
4/11/2010,467,101.85
4/11/2010,264,18.4
4/11/2010,233,12.65
8/19/2010,289,24.14
8/19/2010,545,161.88
8/19/2010,502,126.51
4/11/2010,653,278.45
8/19/2010,972,918.33
8/19/2010,325,34.33
4/11/2010,816,543.34
8/19/2010,713,362.47
4/11/2010,521,141.42
8/19/2010,638,259.69
8/19/2010,280,21.95
4/11/2010,290,24.39
4/11/2010,922,783.78
8/19/2010,207,8.87
8/19/2010,566,181.32
8/19/2010,305,28.37
8/19/2010,400,64
4/11/2010,433,81.18
8/19/2010,803,517.78
8/19/2010,210,9.26
4/11/2010,830,571.79
8/19/2010,948,851.97
4/11/2010,746,415.16
4/11/2010,420,74.09
4/11/2010,281,22.19
4/11/2010,258,17.17
4/11/2010,458,96.07
4/11/2010,549,165.47
8/19/2010,902,733.87
8/19/2010,244,14.53
4/11/2010,734,395.45
4/11/2010,897,721.73
8/19/2010,897,721.73
4/11/2010,943,838.56
4/11/2010,919,776.15
4/11/2010,430,79.51
4/11/2010,529,148.04
4/11/2010,389,58.86
4/11/2010,742,408.52
8/19/2010,567,182.28
8/19/2010,671,302.11
4/11/2010,285,23.15
8/19/2010,848,609.8
8/19/2010,872,663.05
4/11/2010,318,32.16
4/11/2010,903,736.31
4/11/2010,439,84.6
4/11/2010,844,601.21
8/19/2010,843,599.08
8/19/2010,211,9.39
4/11/2010,898,724.15
8/19/2010,965,898.63
4/11/2010,363,47.83
8/19/2010,423,75.69
8/19/2010,580,195.11
4/11/2010,812,535.39
4/11/2010,608,224.76
8/19/2010,596,211.71
8/19/2010,571,186.17
4/11/2010,837,586.38
8/19/2010,857,629.42
8/19/2010,255,16.58
4/11/2010,571,186.17
4/11/2010,439,84.6
8/19/2010,479,109.9
8/19/2010,494,120.55
4/11/2010,538,155.72
4/11/2010,769,454.76
4/11/2010,905,741.22
8/19/2010,288,23.89
4/11/2010,411,69.43
4/11/2010,308,29.22
4/11/2010,485,114.08
8/19/2010,933,812.17
8/19/2010,869,656.23
4/11/2010,478,109.22
8/19/2010,401,64.48
4/11/2010,553,169.11
8/19/2010,571,186.17
4/11/2010,469,103.16
4/11/2010,440,85.18
4/11/2010,785,483.74
4/11/2010,560,175.62
8/19/2010,884,690.81
8/19/2010,330,35.94
8/19/2010,785,483.74
8/19/2010,200,8
8/19/2010,658,284.89
4/11/2010,732,392.22
8/19/2010,352,43.61
8/19/2010,977,932.57
4/11/2010,521,141.42
8/19/2010,435,82.31
4/11/2010,250,15.62
8/19/2010,733,393.83
8/19/2010,556,171.88
4/11/2010,575,190.11
4/11/2010,709,356.4
4/11/2010,992,976.19
4/11/2010,258,17.17
8/19/2010,754,428.66
4/11/2010,964,895.84
8/19/2010,890,704.97
8/19/2010,247,15.07
4/11/2010,751,423.56
4/11/2010,568,183.25
4/11/2010,407,67.42
4/11/2010,479,109.9
8/19/2010,968,907.04
8/19/2010,576,191.1
4/11/2010,217,10.22
8/19/2010,385,57.07
8/19/2010,518,138.99
8/19/2010,257,16.97
4/11/2010,891,707.35
4/11/2010,604,220.35
4/11/2010,672,303.46
4/11/2010,804,519.72
8/19/2010,650,274.62
4/11/2010,235,12.98
4/11/2010,684,320.01
8/19/2010,411,69.43
8/19/2010,259,17.37
4/11/2010,677,310.29
4/11/2010,296,25.93
4/11/2010,827,565.61
8/19/2010,573,188.13
4/11/2010,296,25.93
8/19/2010,359,46.27
8/19/2010,918,773.62
4/11/2010,337,38.27
8/19/2010,862,640.5
4/11/2010,218,10.36
8/19/2010,369,50.24
4/11/2010,708,354.89
4/11/2010,870,658.5
4/11/2010,788,489.3
8/19/2010,744,411.83
8/19/2010,944,841.23
4/11/2010,856,627.22
4/11/2010,413,70.44
8/19/2010,491,118.37
8/19/2010,400,64
8/19/2010,583,198.16
8/19/2010,892,709.73
4/11/2010,383,56.18
8/19/2010,455,94.2
4/11/2010,714,363.99
4/11/2010,688,325.66
8/19/2010,755,430.37
8/19/2010,544,160.99
4/11/2010,835,582.18
4/11/2010,360,46.66
8/19/2010,797,506.26
4/11/2010,473,105.82
4/11/2010,731,390.62
4/11/2010,967,904.23
8/19/2010,831,573.86
8/19/2010,455,94.2
8/19/2010,607,223.65
8/19/2010,840,592.7
4/11/2010,739,403.58
8/19/2010,221,10.79
4/11/2010,507,130.32
4/11/2010,261,17.78
8/19/2010,217,10.22
8/19/2010,755,430.37
8/19/2010,997,991.03
8/19/2010,897,721.73
8/19/2010,824,559.48
4/11/2010,814,539.35
8/19/2010,984,952.76
8/19/2010,545,161.88
8/19/2010,323,33.7
4/11/2010,557,172.81
4/11/2010,479,109.9
8/19/2010,891,707.35
8/19/2010,669,299.42
4/11/2010,274,20.57
4/11/2010,287,23.64
4/11/2010,350,42.88
4/11/2010,772,460.1
4/11/2010,793,498.68
8/19/2010,936,820.03
8/19/2010,796,504.36
4/11/2010,540,157.46
4/11/2010,316,31.55
4/11/2010,758,435.52
4/11/2010,636,257.26
8/19/2010,393,60.7
4/11/2010,973,921.17
4/11/2010,720,373.25
4/11/2010,352,43.61
8/19/2010,281,22.19
8/19/2010,307,28.93
4/11/2010,547,163.67
4/11/2010,447,89.31
4/11/2010,486,114.79
4/11/2010,877,674.53
4/11/2010,946,846.59
8/19/2010,515,136.59
4/11/2010,851,616.3
8/19/2010,720,373.25
8/19/2010,342,40
4/11/2010,728,385.83
4/11/2010,489,116.93
8/19/2010,701,344.47
8/19/2010,468,102.5
8/19/2010,422,75.15
4/11/2010,949,854.67
8/19/2010,460,97.34
4/11/2010,464,99.9
4/11/2010,570,185.19
4/11/2010,552,168.2
4/11/2010,614,231.48
8/19/2010,716,367.06
4/11/2010,437,83.45
8/19/2010,806,523.61
4/11/2010,832,575.93
8/19/2010,428,78.4
8/19/2010,526,145.53
8/19/2010,813,537.37
8/19/2010,474,106.5
8/19/2010,972,918.33
4/11/2010,661,288.8
4/11/2010,444,87.53
4/11/2010,435,82.31
8/19/2010,695,335.7
8/19/2010,893,712.12
8/19/2010,443,86.94
8/19/2010,255,16.58
4/11/2010,473,105.82
8/19/2010,931,806.95
4/11/2010,846,605.5
4/11/2010,370,50.65
8/19/2010,674,306.18
8/19/2010,450,91.12
4/11/2010,780,474.55
8/19/2010,910,753.57
4/11/2010,958,879.22
8/19/2010,777,469.1
4/11/2010,306,28.65
8/19/2010,664,292.75
4/11/2010,296,25.93
8/19/2010,706,351.9
8/19/2010,785,483.74
8/19/2010,822,555.41
4/11/2010,648,272.1
4/11/2010,586,201.23
4/11/2010,549,165.47
8/19/2010,630,250.05
4/11/2010,996,988.05
4/11/2010,846,605.5
8/19/2010,650,274.62
4/11/2010,514,135.8
4/11/2010,930,804.36
4/11/2010,326,34.65
8/19/2010,507,130.32
8/19/2010,564,179.41
4/11/2010,888,700.23
4/11/2010,201,8.12
4/11/2010,431,80.06
4/11/2010,934,814.78
8/19/2010,499,124.25
8/19/2010,317,31.86
8/19/2010,384,56.62
8/19/2010,560,175.62
4/11/2010,972,918.33
4/11/2010,734,395.45
8/19/2010,452,92.35
4/11/2010,567,182.28
8/19/2010,353,43.99
8/19/2010,943,838.56
4/11/2010,997,991.03
8/19/2010,728,385.83
8/19/2010,666,295.41
8/19/2010,935,817.4
4/11/2010,827,565.61
8/19/2010,477,108.53
8/19/2010,620,238.33
8/19/2010,603,219.26
8/19/2010,202,8.24
4/11/2010,684,320.01
8/19/2010,772,460.1
4/11/2010,585,200.2
4/11/2010,664,292.75
8/19/2010,841,594.82
8/19/2010,802,515.85
4/11/2010,205,8.62
8/19/2010,426,77.31
8/19/2010,801,513.92
8/19/2010,836,584.28
8/19/2010,466,101.19
8/19/2010,920,778.69
4/11/2010,505,128.79
4/11/2010,644,267.09
4/11/2010,318,32.16
4/11/2010,608,224.76
8/19/2010,992,976.19
4/11/2010,473,105.82
8/19/2010,875,669.92
8/19/2010,239,13.65
8/19/2010,504,128.02
4/11/2010,620,238.33
4/11/2010,963,893.06
8/19/2010,532,150.57
8/19/2010,745,413.49
8/19/2010,296,25.93
4/11/2010,617,234.89
4/11/2010,840,592.7
8/19/2010,921,781.23
4/11/2010,338,38.61
4/11/2010,775,465.48
4/11/2010,826,563.56
8/19/2010,243,14.35
8/19/2010,911,756.06
8/19/2010,601,217.08
8/19/2010,867,651.71
4/11/2010,892,709.73
8/19/2010,648,272.1
4/11/2010,304,28.09
4/11/2010,794,500.57
4/11/2010,843,599.08
4/11/2010,452,92.35
4/11/2010,548,164.57
4/11/2010,610,226.98
8/19/2010,831,573.86
4/11/2010,581,196.12
8/19/2010,471,104.49
4/11/2010,715,365.53
8/19/2010,598,213.85
4/11/2010,484,113.38
8/19/2010,231,12.33
4/11/2010,595,210.64
8/19/2010,952,862.8
4/11/2010,709,356.4
8/19/2010,696,337.15
4/11/2010,610,226.98
8/19/2010,876,672.22
4/11/2010,749,420.19
8/19/2010,290,24.39
8/19/2010,540,157.46
8/19/2010,308,29.22
4/11/2010,430,79.51
4/11/2010,537,154.85
8/19/2010,212,9.53
4/11/2010,811,533.41
8/19/2010,408,67.92
8/19/2010,417,72.51
8/19/2010,356,45.12
4/11/2010,759,437.25
4/11/2010,888,700.23
8/19/2010,536,153.99
8/19/2010,328,35.29
4/11/2010,295,25.67
4/11/2010,212,9.53
8/19/2010,644,267.09
4/11/2010,394,61.16
4/11/2010,725,381.08
8/19/2010,983,949.86
8/19/2010,893,712.12
4/11/2010,551,167.28
4/11/2010,635,256.05
8/19/2010,855,625.03
8/19/2010,998,994.01
8/19/2010,493,119.82
4/11/2010,674,306.18
8/19/2010,596,211.71
4/11/2010,259,17.37
8/19/2010,507,130.32
8/19/2010,220,10.65
4/11/2010,647,270.84
4/11/2010,822,555.41
8/19/2010,490,117.65
4/11/2010,487,115.5
4/11/2010,238,13.48
8/19/2010,774,463.68
8/19/2010,215,9.94
8/19/2010,562,177.5
4/11/2010,959,881.97
8/19/2010,661,288.8
8/19/2010,585,200.2
8/19/2010,319,32.46
8/19/2010,989,967.36
8/19/2010,447,89.31
8/19/2010,719,371.69
4/11/2010,680,314.43
8/19/2010,878,676.84
4/11/2010,472,105.15
4/11/2010,710,357.91
8/19/2010,885,693.15
4/11/2010,977,932.57
8/19/2010,557,172.81
8/19/2010,769,454.76
4/11/2010,872,663.05
8/19/2010,809,529.48
8/19/2010,285,23.15
4/11/2010,513,135.01
8/19/2010,894,714.52
8/19/2010,907,746.14
4/11/2010,639,260.92
4/11/2010,317,31.86
4/11/2010,671,302.11
8/19/2010,489,116.93
4/11/2010,330,35.94
4/11/2010,711,359.43
8/19/2010,823,557.44
4/11/2010,429,78.95
4/11/2010,368,49.84
8/19/2010,283,22.67
8/19/2010,225,11.39
8/19/2010,381,55.31
4/11/2010,500,125
4/11/2010,941,833.24
8/19/2010,840,592.7
8/19/2010,321,33.08
4/11/2010,860,636.06
8/19/2010,859,633.84
8/19/2010,736,398.69
4/11/2010,471,104.49
4/11/2010,637,258.47
4/11/2010,733,393.83
4/11/2010,830,571.79
8/19/2010,954,868.25
8/19/2010,404,65.94
4/11/2010,991,973.24
4/11/2010,968,907.04
8/19/2010,686,322.83
4/11/2010,741,406.87
4/11/2010,606,222.55
4/11/2010,414,70.96
4/11/2010,372,51.48
4/11/2010,690,328.51
8/19/2010,617,234.89
4/11/2010,645,268.34
4/11/2010,909,751.09
4/11/2010,363,47.83
4/11/2010,545,161.88
8/19/2010,433,81.18
4/11/2010,411,69.43
4/11/2010,466,101.19
4/11/2010,976,929.71
8/19/2010,385,57.07
4/11/2010,403,65.45
4/11/2010,381,55.31
8/19/2010,858,631.63
4/11/2010,985,955.67
8/19/2010,687,324.24
4/11/2010,913,761.05
8/19/2010,535,153.13
8/19/2010,767,451.22
4/11/2010,274,20.57
8/19/2010,984,952.76
4/11/2010,584,199.18
4/11/2010,617,234.89
8/19/2010,561,176.56
4/11/2010,357,45.5
8/19/2010,459,96.7
4/11/2010,959,881.97
4/11/2010,939,827.94
4/11/2010,380,54.87
4/11/2010,230,12.17
4/11/2010,938,825.29
8/19/2010,507,130.32
4/11/2010,295,25.67
8/19/2010,227,11.7
4/11/2010,780,474.55
4/11/2010,290,24.39
8/19/2010,927,796.6
4/11/2010,485,114.08
8/19/2010,800,512
8/19/2010,549,165.47
4/11/2010,310,29.79
8/19/2010,991,973.24
8/19/2010,385,57.07
4/11/2010,332,36.59
8/19/2010,484,113.38
8/19/2010,273,20.35
8/19/2010,860,636.06
4/11/2010,932,809.56
8/19/2010,244,14.53
8/19/2010,582,197.14
4/11/2010,330,35.94
8/19/2010,953,865.52
4/11/2010,884,690.81
4/11/2010,272,20.12
4/11/2010,822,555.41
8/19/2010,256,16.78
4/11/2010,618,236.03
8/19/2010,459,96.7
4/11/2010,450,91.12
4/11/2010,746,415.16
8/19/2010,862,640.5
8/19/2010,511,133.43
8/19/2010,757,433.8
8/19/2010,977,932.57
8/19/2010,248,15.25
8/19/2010,887,697.86
4/11/2010,844,601.21
8/19/2010,271,19.9
4/11/2010,609,225.87
8/19/2010,841,594.82
4/11/2010,789,491.17
8/19/2010,874,667.63
8/19/2010,931,806.95
4/11/2010,825,561.52
8/19/2010,856,627.22
4/11/2010,370,50.65
4/11/2010,253,16.19
4/11/2010,282,22.43
4/11/2010,934,814.78
4/11/2010,735,397.07
4/11/2010,586,201.23
4/11/2010,788,489.3
8/19/2010,282,22.43
4/11/2010,373,51.9
4/11/2010,473,105.82
8/19/2010,421,74.62
8/19/2010,254,16.39
4/11/2010,467,101.85
4/11/2010,558,173.74
4/11/2010,919,776.15
4/11/2010,532,150.57
8/19/2010,599,214.92
4/11/2010,930,804.36
4/11/2010,371,51.06
8/19/2010,535,153.13
4/11/2010,462,98.61
4/11/2010,560,175.62
8/19/2010,477,108.53
8/19/2010,427,77.85
8/19/2010,611,228.1
8/19/2010,538,155.72
8/19/2010,866,649.46
4/11/2010,591,206.43
4/11/2010,642,264.61
4/11/2010,569,184.22
8/19/2010,462,98.61
4/11/2010,389,58.86
4/11/2010,411,69.43
8/19/2010,251,15.81
8/19/2010,971,915.5
8/19/2010,330,35.94
4/11/2010,549,165.47
4/11/2010,665,294.08
4/11/2010,776,467.29
4/11/2010,645,268.34
4/11/2010,773,461.89
4/11/2010,426,77.31
4/11/2010,484,113.38
8/19/2010,965,898.63
4/11/2010,423,75.69
4/11/2010,348,42.14
8/19/2010,420,74.09
8/19/2010,961,887.5
4/11/2010,899,726.57
4/11/2010,356,45.12
8/19/2010,717,368.6
8/19/2010,298,26.46
8/19/2010,523,143.06
4/11/2010,451,91.73
8/19/2010,241,14
4/11/2010,919,776.15
4/11/2010,961,887.5
4/11/2010,377,53.58
4/11/2010,959,881.97
8/19/2010,445,88.12
4/11/2010,374,52.31
8/19/2010,331,36.26
4/11/2010,592,207.47
8/19/2010,224,11.24
4/11/2010,802,515.85
8/19/2010,517,138.19
4/11/2010,704,348.91
8/19/2010,449,90.52
4/11/2010,891,707.35
8/19/2010,245,14.71
4/11/2010,472,105.15
8/19/2010,977,932.57
8/19/2010,579,194.1
8/19/2010,821,553.39
8/19/2010,325,34.33
8/19/2010,571,186.17
8/19/2010,895,716.92
4/11/2010,697,338.61
4/11/2010,607,223.65
8/19/2010,249,15.44
8/19/2010,705,350.4
8/19/2010,457,95.44
8/19/2010,232,12.49
4/11/2010,824,559.48
4/11/2010,541,158.34
4/11/2010,989,967.36
8/19/2010,1000,1000
8/19/2010,747,416.83
4/11/2010,422,75.15
8/19/2010,393,60.7
8/19/2010,324,34.01
4/11/2010,322,33.39
8/19/2010,253,16.19
8/19/2010,557,172.81
4/11/2010,773,461.89
4/11/2010,454,93.58
4/11/2010,894,714.52
4/11/2010,328,35.29
8/19/2010,692,331.37
4/11/2010,530,148.88
4/11/2010,968,907.04
4/11/2010,519,139.8
8/19/2010,806,523.61
4/11/2010,908,748.61
8/19/2010,959,881.97
4/11/2010,327,34.97
8/19/2010,693,332.81
4/11/2010,616,233.74
8/19/2010,208,9
4/11/2010,556,171.88
8/19/2010,481,111.28
8/19/2010,808,527.51
4/11/2010,389,58.86
8/19/2010,466,101.19
4/11/2010,389,58.86
8/19/2010,462,98.61
8/19/2010,885,693.15
4/11/2010,308,29.22
8/19/2010,970,912.67
8/19/2010,704,348.91
8/19/2010,860,636.06
4/11/2010,500,125
4/11/2010,575,190.11
8/19/2010,419,73.56
4/11/2010,692,331.37
8/19/2010,591,206.43
8/19/2010,394,61.16
4/11/2010,567,182.28
8/19/2010,472,105.15
4/11/2010,835,582.18
4/11/2010,290,24.39
8/19/2010,494,120.55
8/19/2010,594,209.58
4/11/2010,678,311.67
4/11/2010,982,946.97
4/11/2010,782,478.21
8/19/2010,745,413.49
8/19/2010,623,241.8
8/19/2010,653,278.45
8/19/2010,710,357.91
4/11/2010,497,122.76
8/19/2010,253,16.19
4/11/2010,495,121.29
4/11/2010,481,111.28
8/19/2010,868,653.97
8/19/2010,993,979.15
4/11/2010,410,68.92
4/11/2010,791,494.91
8/19/2010,554,170.03
4/11/2010,843,599.08
8/19/2010,313,30.66
4/11/2010,494,120.55
4/11/2010,569,184.22
8/19/2010,301,27.27
4/11/2010,441,85.77
8/19/2010,610,226.98
4/11/2010,622,240.64
8/19/2010,238,13.48
8/19/2010,650,274.62
4/11/2010,760,438.98
8/19/2010,906,743.68
4/11/2010,717,368.6
4/11/2010,615,232.61
4/11/2010,570,185.19
8/19/2010,635,256.05
4/11/2010,460,97.34
8/19/2010,478,109.22
4/11/2010,973,921.17
4/11/2010,852,618.47
8/19/2010,889,702.6
8/19/2010,924,788.89
4/11/2010,789,491.17
8/19/2010,788,489.3
4/11/2010,416,71.99
4/11/2010,908,748.61
4/11/2010,562,177.5
8/19/2010,349,42.51
4/11/2010,938,825.29
4/11/2010,334,37.26
4/11/2010,902,733.87
8/19/2010,804,519.72
4/11/2010,231,12.33
4/11/2010,750,421.88
4/11/2010,406,66.92
8/19/2010,805,521.66
4/11/2010,746,415.16
8/19/2010,900,729
4/11/2010,316,31.55
4/11/2010,811,533.41
4/11/2010,665,294.08
4/11/2010,680,314.43
4/11/2010,975,926.86
4/11/2010,565,180.36
4/11/2010,398,63.04
8/19/2010,814,539.35
8/19/2010,236,13.14
4/11/2010,600,216
4/11/2010,812,535.39
4/11/2010,813,537.37
4/11/2010,823,557.44
8/19/2011,803,1035.56
8/19/2011,220,21.3
4/11/2011,844,1202.42
4/11/2011,285,46.3
8/19/2011,274,41.14
8/19/2011,499,248.5
8/19/2011,682,634.43
4/11/2011,462,197.22
8/19/2011,972,1836.66
4/11/2011,445,176.24
8/19/2011,732,784.45
4/11/2011,808,1055.03
4/11/2011,411,138.85
8/19/2011,939,1655.87
4/11/2011,612,458.44
8/19/2011,395,123.26
4/11/2011,561,353.12
4/11/2011,789,982.34
4/11/2011,434,163.49
4/11/2011,247,30.14
4/11/2011,298,52.93
8/19/2011,524,287.76
8/19/2011,261,35.56
4/11/2011,713,724.93
4/11/2011,992,1952.38
4/11/2011,229,24.02
4/11/2011,497,245.53
4/11/2011,596,423.42
8/19/2011,350,85.75
4/11/2011,587,404.52
8/19/2011,762,884.9
4/11/2011,474,212.99
4/11/2011,299,53.46
4/11/2011,954,1736.5
4/11/2011,691,659.88
4/11/2011,446,177.43
4/11/2011,788,978.61
4/11/2011,965,1797.26
8/19/2011,967,1808.46
8/19/2011,493,239.65
4/11/2011,636,514.52
4/11/2011,750,843.75
8/19/2011,406,133.85
8/19/2011,733,787.67
4/11/2011,288,47.78
4/11/2011,820,1102.74
8/19/2011,268,38.5
4/11/2011,510,265.3
4/11/2011,880,1362.94
8/19/2011,216,20.16
8/19/2011,964,1791.68
8/19/2011,497,245.53
4/11/2011,469,206.32
4/11/2011,968,1814.08
4/11/2011,229,24.02
8/19/2011,817,1090.68
8/19/2011,226,23.09
4/11/2011,602,436.33
8/19/2011,333,73.85
4/11/2011,598,427.69
8/19/2011,238,26.96
8/19/2011,293,50.31
4/11/2011,905,1482.44
4/11/2011,890,1409.94
8/19/2011,895,1433.83
8/19/2011,394,122.33
8/19/2011,201,16.24
4/11/2011,572,374.3
4/11/2011,284,45.81
4/11/2011,227,23.39
8/19/2011,454,187.15
8/19/2011,253,32.39
8/19/2011,417,145.02
4/11/2011,403,130.9
8/19/2011,400,128
8/19/2011,891,1414.7
4/11/2011,991,1946.48
4/11/2011,675,615.09
4/11/2011,217,20.44
8/19/2011,937,1645.31
4/11/2011,227,23.39
4/11/2011,798,1016.34
8/19/2011,231,24.65
4/11/2011,604,440.7
4/11/2011,434,163.49
4/11/2011,755,860.74
8/19/2011,974,1848.02
4/11/2011,494,241.11
8/19/2011,795,1004.92
8/19/2011,697,677.22
4/11/2011,382,111.49
4/11/2011,618,472.06
4/11/2011,493,239.65
4/11/2011,812,1070.77
4/11/2011,255,33.16
8/19/2011,733,787.67
4/11/2011,723,755.87
8/19/2011,855,1250.05
8/19/2011,745,826.99
4/11/2011,442,172.7
8/19/2011,599,429.84
8/19/2011,867,1303.43
4/11/2011,650,549.25
4/11/2011,758,871.04
4/11/2011,334,74.52
4/11/2011,337,76.55
4/11/2011,498,247.01
8/19/2011,966,1802.86
8/19/2011,759,874.49
4/11/2011,559,349.35
8/19/2011,207,17.74
8/19/2011,348,84.29
8/19/2011,296,51.87
8/19/2011,901,1462.87
4/11/2011,513,270.01
4/11/2011,718,740.29
8/19/2011,281,44.38
4/11/2011,280,43.9
8/19/2011,204,16.98
8/19/2011,999,1994.01
4/11/2011,978,1870.88
4/11/2011,873,1330.68
4/11/2011,700,686
4/11/2011,326,69.29
8/19/2011,904,1477.53
4/11/2011,617,469.77
8/19/2011,592,414.95
8/19/2011,990,1940.6
4/11/2011,915,1532.12
4/11/2011,682,634.43
8/19/2011,723,755.87
8/19/2011,775,930.97
8/19/2011,382,111.49
4/11/2011,363,95.66
8/19/2011,281,44.38
4/11/2011,398,126.09
8/19/2011,596,423.42
8/19/2011,754,857.32
4/11/2011,210,18.52
8/19/2011,962,1780.55
4/11/2011,849,1223.92
4/11/2011,490,235.3
8/19/2011,251,31.63
8/19/2011,278,42.97
4/11/2011,831,1147.71
8/19/2011,255,33.16
4/11/2011,379,108.88
8/19/2011,271,39.81
8/19/2011,478,218.43
4/11/2011,829,1139.45
8/19/2011,226,23.09
8/19/2011,228,23.7
8/19/2011,585,400.4
8/19/2011,842,1193.9
8/19/2011,206,17.48
4/11/2011,899,1453.15
4/11/2011,276,42.05
4/11/2011,233,25.3
8/19/2011,326,69.29
4/11/2011,706,703.79
8/19/2011,503,254.53
8/19/2011,597,425.55
4/11/2011,985,1911.34
8/19/2011,842,1193.9
8/19/2011,381,110.61
4/11/2011,909,1502.18
8/19/2011,210,18.52
8/19/2011,400,128
4/11/2011,242,28.34
8/19/2011,208,18
8/19/2011,719,743.39
8/19/2011,439,169.21
8/19/2011,721,749.61
8/19/2011,297,52.4
4/11/2011,535,306.26
4/11/2011,908,1497.23
8/19/2011,346,82.84
8/19/2011,508,262.19
4/11/2011,811,1066.82
4/11/2011,475,214.34
8/19/2011,827,1131.22
4/11/2011,252,32.01
8/19/2011,579,388.21
4/11/2011,811,1066.82
4/11/2011,883,1376.93
4/11/2011,846,1210.99
4/11/2011,812,1070.77
8/19/2011,767,902.44
8/19/2011,250,31.25
4/11/2011,920,1557.38
8/19/2011,949,1709.34
8/19/2011,848,1219.6
4/11/2011,696,674.31
8/19/2011,679,626.09
4/11/2011,316,63.11
4/11/2011,761,881.42
8/19/2011,859,1267.68
8/19/2011,268,38.5
8/19/2011,303,55.64
4/11/2011,579,388.21
4/11/2011,988,1928.86
4/11/2011,228,23.7
8/19/2011,505,257.58
4/11/2011,722,752.73
8/19/2011,641,526.75
8/19/2011,813,1074.74
4/11/2011,344,81.42
8/19/2011,897,1443.47
8/19/2011,598,427.69
4/11/2011,590,410.76
4/11/2011,514,271.59
4/11/2011,663,582.87
8/19/2011,979,1876.63
8/19/2011,783,960.1
4/11/2011,575,380.22
4/11/2011,302,55.09
4/11/2011,491,236.74
8/19/2011,871,1321.55
8/19/2011,955,1741.97
8/19/2011,270,39.37
8/19/2011,564,358.81
8/19/2011,646,539.17
8/19/2011,571,372.34
8/19/2011,993,1958.29
4/11/2011,215,19.88
4/11/2011,351,86.49
8/19/2011,887,1395.73
4/11/2011,891,1414.7
8/19/2011,372,102.96
8/19/2011,889,1405.19
8/19/2011,561,353.12
4/11/2011,221,21.59
8/19/2011,602,436.33
4/11/2011,652,554.34
4/11/2011,863,1285.47
8/19/2011,629,497.72
8/19/2011,905,1482.44
8/19/2011,801,1027.84
4/11/2011,672,606.93
4/11/2011,252,32.01
8/19/2011,834,1160.19
4/11/2011,684,640.03
4/11/2011,869,1312.47
4/11/2011,266,37.64
8/19/2011,906,1487.35
4/11/2011,712,721.89
8/19/2011,938,1650.59
4/11/2011,293,50.31
8/19/2011,716,734.12
8/19/2011,270,39.37
8/19/2011,614,462.95
8/19/2011,832,1151.86
8/19/2011,501,251.5
4/11/2011,680,628.86
8/19/2011,746,830.32
8/19/2011,998,1988.02
8/19/2011,744,823.66
4/11/2011,225,22.78
4/11/2011,943,1677.12
4/11/2011,396,124.2
4/11/2011,708,709.79
4/11/2011,742,817.04
8/19/2011,642,529.22
4/11/2011,276,42.05
8/19/2011,447,178.63
8/19/2011,277,42.51
8/19/2011,332,73.19
4/11/2011,664,585.51
8/19/2011,892,1419.46
8/19/2011,784,963.78
4/11/2011,341,79.3
4/11/2011,965,1797.26
8/19/2011,463,198.51
8/19/2011,696,674.31
8/19/2011,768,905.97
4/11/2011,270,39.37
8/19/2011,547,327.33
4/11/2011,318,64.31
4/11/2011,331,72.53
8/19/2011,792,993.59
4/11/2011,883,1376.93
4/11/2011,673,609.64
8/19/2011,695,671.4
8/19/2011,301,54.54
8/19/2011,946,1693.18
4/11/2011,436,165.76
8/19/2011,491,236.74
4/11/2011,288,47.78
8/19/2011,883,1376.93
4/11/2011,515,273.18
4/11/2011,204,16.98
8/19/2011,581,392.25
4/11/2011,272,40.25
4/11/2011,431,160.13
4/11/2011,995,1970.15
8/19/2011,581,392.25
4/11/2011,264,36.8
4/11/2011,766,898.91
4/11/2011,652,554.34
4/11/2011,556,343.76
4/11/2011,324,68.02
8/19/2011,689,654.17
4/11/2011,992,1952.38
4/11/2011,236,26.29
8/19/2011,879,1358.3
4/11/2011,651,551.79
8/19/2011,421,149.24
4/11/2011,987,1923.01
8/19/2011,407,134.84
4/11/2011,982,1893.93
4/11/2011,517,276.38
4/11/2011,552,336.39
8/19/2011,816,1086.68
8/19/2011,456,189.64
4/11/2011,451,183.47
8/19/2011,471,208.97
8/19/2011,786,971.18
8/19/2011,519,279.6
8/19/2011,376,106.31
8/19/2011,948,1703.94
4/11/2011,912,1517.1
4/11/2011,931,1613.91
8/19/2011,421,149.24
8/19/2011,671,604.22
4/11/2011,955,1741.97
8/19/2011,827,1131.22
4/11/2011,736,797.38
4/11/2011,353,87.97
4/11/2011,949,1709.34
8/19/2011,622,481.28
8/19/2011,559,349.35
4/11/2011,236,26.29
8/19/2011,709,712.8
8/19/2011,448,179.83
8/19/2011,226,23.09
4/11/2011,644,534.18
8/19/2011,975,1853.72
8/19/2011,516,274.78
8/19/2011,948,1703.94
4/11/2011,323,67.4
8/19/2011,403,130.9
4/11/2011,742,817.04
8/19/2011,589,408.67
8/19/2011,402,129.93
8/19/2011,590,410.76
4/11/2011,811,1066.82
4/11/2011,313,61.33
4/11/2011,560,351.23
8/19/2011,808,1055.03
4/11/2011,427,155.71
8/19/2011,728,771.66
4/11/2011,242,28.34
4/11/2011,277,42.51
8/19/2011,211,18.79
4/11/2011,711,718.85
8/19/2011,247,30.14
4/11/2011,306,57.31
8/19/2011,559,349.35
8/19/2011,247,30.14
4/11/2011,571,372.34
8/19/2011,325,68.66
8/19/2011,683,637.22
4/11/2011,884,1381.61
8/19/2011,734,790.89
8/19/2011,432,161.24
8/19/2011,914,1527.1
4/11/2011,702,691.9
8/19/2011,375,105.47
8/19/2011,670,601.53
8/19/2011,223,22.18
8/19/2011,667,593.48
8/19/2011,644,534.18
4/11/2011,644,534.18
8/19/2011,627,492.98
4/11/2011,739,807.17
8/19/2011,375,105.47
4/11/2011,358,91.77
4/11/2011,696,674.31
8/19/2011,608,449.51
8/19/2011,983,1899.72
4/11/2011,253,32.39
8/19/2011,426,154.62
4/11/2011,909,1502.18
4/11/2011,835,1164.37
8/19/2011,474,212.99
4/11/2011,540,314.93
8/19/2011,540,314.93
8/19/2011,585,400.4
8/19/2011,350,85.75
8/19/2011,828,1135.33
8/19/2011,612,458.44
8/19/2011,407,134.84
4/11/2011,256,33.55
4/11/2011,316,63.11
4/11/2011,911,1512.12
8/19/2011,285,46.3
4/11/2011,410,137.84
4/11/2011,899,1453.15
4/11/2011,749,840.38
8/19/2011,440,170.37
8/19/2011,756,864.16
8/19/2011,850,1228.25
4/11/2011,707,706.79
8/19/2011,351,86.49
8/19/2011,491,236.74
4/11/2011,382,111.49
4/11/2011,328,70.58
8/19/2011,870,1317.01
8/19/2011,784,963.78
8/19/2011,545,323.76
4/11/2011,266,37.64
4/11/2011,515,273.18
4/11/2011,241,28
4/11/2011,649,546.72
4/11/2011,649,546.72
4/11/2011,673,609.64
8/19/2011,348,84.29
8/19/2011,772,920.2
4/11/2011,656,564.6
4/11/2011,979,1876.63
8/19/2011,813,1074.74
4/11/2011,619,474.35
4/11/2011,412,139.87
8/19/2011,386,115.02
8/19/2011,748,837.02
8/19/2011,755,860.74
4/11/2011,362,94.88
8/19/2011,611,456.2
8/19/2011,329,71.22
4/11/2011,725,762.16
4/11/2011,950,1714.75
8/19/2011,314,61.92
8/19/2011,943,1677.12
8/19/2011,755,860.74
8/19/2011,827,1131.22
8/19/2011,342,80
4/11/2011,736,797.38
4/11/2011,816,1086.68
8/19/2011,221,21.59
8/19/2011,869,1312.47
8/19/2011,617,469.77
4/11/2011,834,1160.19
8/19/2011,593,417.06
4/11/2011,783,960.1
8/19/2011,637,516.95
4/11/2011,261,35.56
4/11/2011,924,1577.78
4/11/2011,560,351.23
4/11/2011,410,137.84
8/19/2011,680,628.86
8/19/2011,975,1853.72
8/19/2011,796,1008.72
4/11/2011,347,83.56
8/19/2011,658,569.78
4/11/2011,712,721.89
8/19/2011,785,967.47
8/19/2011,550,332.75
8/19/2011,781,952.76
4/11/2011,612,458.44
4/11/2011,216,20.16
8/19/2011,703,694.86
4/11/2011,294,50.82
8/19/2011,697,677.22
8/19/2011,372,102.96
4/11/2011,617,469.77
4/11/2011,727,768.48
8/19/2011,396,124.2
4/11/2011,998,1988.02
4/11/2011,826,1127.12
4/11/2011,562,355.01
4/11/2011,792,993.59
4/11/2011,411,138.85
8/19/2011,770,913.07
4/11/2011,594,419.17
8/19/2011,949,1709.34
4/11/2011,270,39.37
8/19/2011,931,1613.91
8/19/2011,985,1911.34
4/11/2011,740,810.45
4/11/2011,300,54
8/19/2011,697,677.22
8/19/2011,769,909.51
4/11/2011,335,75.19
8/19/2011,918,1547.24
8/19/2011,652,554.34
8/19/2011,334,74.52
4/11/2011,246,29.77
4/11/2011,711,718.85
4/11/2011,252,32.01
4/11/2011,675,615.09
8/19/2011,650,549.25
4/11/2011,410,137.84
4/11/2011,983,1899.72
8/19/2011,547,327.33
8/19/2011,659,572.38
8/19/2011,515,273.18
8/19/2011,702,691.9
4/11/2011,495,242.57
4/11/2011,303,55.64
8/19/2011,540,314.93
4/11/2011,309,59.01
8/19/2011,623,483.61
4/11/2011,671,604.22
8/19/2011,266,37.64
4/11/2011,337,76.55
4/11/2011,555,341.91
8/19/2011,515,273.18
4/11/2011,366,98.06
4/11/2011,639,521.83
8/19/2011,515,273.18
8/19/2011,238,26.96
8/19/2011,249,30.88
4/11/2011,420,148.18
8/19/2011,841,1189.65
4/11/2011,208,18
8/19/2011,280,43.9
4/11/2011,756,864.16
8/19/2011,384,113.25
4/11/2011,395,123.26
4/11/2011,702,691.9
8/19/2011,433,162.37
4/11/2011,460,194.67
8/19/2011,404,131.88
4/11/2011,271,39.81
4/11/2011,791,989.83
4/11/2011,666,590.82
4/11/2011,519,279.6
8/19/2011,379,108.88
4/11/2011,445,176.24
8/19/2011,694,668.51
4/11/2011,533,302.84
8/19/2011,552,336.39
8/19/2011,751,847.13
4/11/2011,747,833.67
8/19/2011,746,830.32
4/11/2011,783,960.1
8/19/2011,502,253.01
4/11/2011,285,46.3
4/11/2011,377,107.17
8/19/2011,836,1168.55
4/11/2011,333,73.85
8/19/2011,345,82.13
8/19/2011,906,1487.35
8/19/2011,506,259.11
8/19/2011,881,1367.6
4/11/2011,356,90.24
8/19/2011,429,157.91
4/11/2011,432,161.24
8/19/2011,347,83.56
4/11/2011,466,202.39
8/19/2011,572,374.3
8/19/2011,846,1210.99
4/11/2011,800,1024
4/11/2011,516,274.78
8/19/2011,221,21.59
8/19/2011,545,323.76
4/11/2011,346,82.84
8/19/2011,328,70.58
8/19/2011,560,351.23
8/19/2011,466,202.39
4/11/2011,930,1608.71
8/19/2011,924,1577.78
8/19/2011,388,116.82
4/11/2011,695,671.4
4/11/2011,887,1395.73
4/11/2011,358,91.77
4/11/2011,962,1780.55
4/11/2011,246,29.77
4/11/2011,485,228.17
4/11/2011,696,674.31
4/11/2011,985,1911.34
8/19/2011,683,637.22
8/19/2011,367,98.86
4/11/2011,555,341.91
4/11/2011,797,1012.52
8/19/2011,954,1736.5
4/11/2011,856,1254.44
4/11/2011,511,266.87
8/19/2011,240,27.65
4/11/2011,884,1381.61
8/19/2011,956,1747.45
4/11/2011,448,179.83
4/11/2011,975,1853.72
4/11/2011,775,930.97
8/19/2011,649,546.72
8/19/2011,203,16.73
8/19/2011,545,323.76
8/19/2011,215,19.88
8/19/2011,801,1027.84
4/11/2011,685,642.84
8/19/2011,588,406.59
8/19/2011,335,75.19
4/11/2011,713,724.93
4/11/2011,404,131.88
8/19/2011,283,45.33
8/19/2011,796,1008.72
8/19/2011,361,94.09
8/19/2011,269,38.93
4/11/2011,499,248.5
8/19/2011,413,140.89
8/19/2011,676,617.83
4/11/2011,446,177.43
4/11/2011,692,662.75
8/19/2011,912,1517.1
8/19/2011,227,23.39
8/19/2011,482,223.96
4/11/2011,518,277.98
8/19/2011,839,1181.18
8/19/2011,847,1215.29
4/11/2011,672,606.93
4/11/2011,567,364.57
8/19/2011,901,1462.87
4/11/2011,890,1409.94
4/11/2011,876,1344.44
8/19/2011,653,556.89
8/19/2011,693,665.63
4/11/2011,943,1677.12
4/11/2011,791,989.83
4/11/2011,605,442.89
8/19/2011,293,50.31
8/19/2011,497,245.53
8/19/2011,625,488.28
8/19/2011,270,39.37
8/19/2011,632,504.87
4/11/2011,811,1066.82
8/19/2011,702,691.9
8/19/2011,801,1027.84
8/19/2011,538,311.44
8/19/2011,425,153.53
4/11/2011,864,1289.95
8/19/2011,974,1848.02
8/19/2011,521,282.84
8/19/2011,461,195.94
8/19/2011,722,752.73
8/19/2011,357,91
8/19/2011,405,132.86
8/19/2011,849,1223.92
8/19/2011,291,49.28
8/19/2011,579,388.21
8/19/2011,521,282.84
4/11/2011,967,1808.46
4/11/2011,295,51.34
4/11/2011,552,336.39
8/19/2011,454,187.15
8/19/2011,602,436.33
8/19/2011,529,296.07
8/19/2011,994,1964.22
8/19/2011,341,79.3
4/11/2011,710,715.82
8/19/2011,932,1619.12
4/11/2011,672,606.93
8/19/2011,262,35.97
4/11/2011,713,724.93
4/11/2011,919,1552.3
8/19/2011,486,229.58
4/11/2011,740,810.45
8/19/2011,462,197.22
8/19/2011,721,749.61
8/19/2011,653,556.89
4/11/2011,428,156.81
8/19/2011,370,101.31
8/19/2011,449,181.04
8/19/2011,827,1131.22
8/19/2011,254,32.77
8/19/2011,983,1899.72
8/19/2011,938,1650.59
8/19/2011,646,539.17
4/11/2011,950,1714.75
4/11/2011,945,1687.82
8/19/2011,685,642.84
4/11/2011,749,840.38
8/19/2011,466,202.39
4/11/2011,322,66.77
4/11/2011,236,26.29
4/11/2011,969,1819.71
4/11/2011,918,1547.24
8/19/2011,226,23.09
4/11/2011,560,351.23
4/11/2011,277,42.51
8/19/2011,453,185.92
4/11/2011,570,370.39
8/19/2011,836,1168.55
8/19/2011,639,521.83
8/19/2011,834,1160.19
8/19/2011,623,483.61
8/19/2011,534,304.55
4/11/2011,618,472.06
4/11/2011,238,26.96
4/11/2011,844,1202.42
4/11/2011,824,1118.95
4/11/2011,345,82.13
8/19/2011,870,1317.01
4/11/2011,587,404.52
8/19/2011,499,248.5
4/11/2011,607,447.3
8/19/2011,803,1035.56
8/19/2011,934,1629.56
8/19/2011,405,132.86
4/11/2011,782,956.42
8/19/2011,676,617.83
4/11/2011,287,47.28
8/19/2011,891,1414.7
8/19/2011,891,1414.7
8/19/2011,952,1725.6
8/19/2011,632,504.87
4/11/2011,772,920.2
8/19/2011,516,274.78
4/11/2011,502,253.01
8/19/2011,820,1102.74
4/11/2011,812,1070.77
8/19/2011,464,199.79
8/19/2011,664,585.51
4/11/2011,915,1532.12
4/11/2011,961,1775.01
8/19/2011,210,18.52
4/11/2011,248,30.51
8/19/2011,228,23.7
4/11/2011,833,1156.02
4/11/2011,371,102.13
8/19/2011,387,115.92
8/19/2011,721,749.61
4/11/2011,989,1934.72
8/19/2011,883,1376.93
4/11/2011,309,59.01
8/19/2011,749,840.38
8/19/2011,972,1836.66
8/19/2011,341,79.3
8/19/2011,748,837.02
8/19/2011,719,743.39
4/11/2011,442,172.7
4/11/2011,381,110.61
4/11/2011,344,81.42
4/11/2011,513,270.01
8/19/2011,760,877.95
8/19/2011,627,492.98
8/19/2011,318,64.31
8/19/2011,831,1147.71
8/19/2011,590,410.76
4/11/2011,872,1326.11
4/11/2011,779,945.46
8/19/2011,590,410.76
4/11/2011,920,1557.38
8/19/2011,402,129.93
8/19/2011,272,40.25
4/11/2011,984,1905.53
4/11/2011,460,194.67
4/11/2011,910,1507.14
4/11/2011,996,1976.1
4/11/2011,450,182.25
4/11/2011,486,229.58
8/19/2011,726,765.31
8/19/2011,217,20.44
4/11/2011,471,208.97
4/11/2011,687,648.49
4/11/2011,969,1819.71
8/19/2011,559,349.35
4/11/2011,672,606.93
8/19/2011,595,421.29
8/19/2011,308,58.44
4/11/2011,494,241.11
8/19/2011,256,33.55
8/19/2011,441,171.53
8/18/2012,764,1337.83
4/10/2012,470,311.47
8/18/2012,393,182.1
8/18/2012,380,164.62
4/10/2012,611,684.3
4/10/2012,227,35.09
4/10/2012,928,2397.54
8/18/2012,226,34.63
8/18/2012,290,73.17
8/18/2012,481,333.85
8/18/2012,369,150.73
4/10/2012,433,243.55
4/10/2012,942,2507.69
4/10/2012,766,1348.37
4/10/2012,269,58.4
8/18/2012,998,2982.04
4/10/2012,307,86.8
4/10/2012,577,576.3
8/18/2012,515,409.77
8/18/2012,822,1666.24
4/10/2012,325,102.98
8/18/2012,742,1225.56
8/18/2012,767,1353.65
4/10/2012,439,253.81
4/10/2012,594,628.75
8/18/2012,826,1690.68
8/18/2012,603,657.77
8/18/2012,945,2531.73
4/10/2012,275,62.39
4/10/2012,702,1037.85
4/10/2012,940,2491.75
4/10/2012,218,31.08
4/10/2012,378,162.03
4/10/2012,904,2216.29
8/18/2012,924,2366.67
4/10/2012,981,2832.23
8/18/2012,866,1948.39
8/18/2012,774,1391.05
8/18/2012,757,1301.39
8/18/2012,450,273.38
8/18/2012,449,271.56
8/18/2012,715,1096.58
8/18/2012,329,106.83
8/18/2012,974,2772.03
4/10/2012,382,167.23
8/18/2012,837,1759.13
8/18/2012,950,2572.12
4/10/2012,863,1928.21
8/18/2012,214,29.4
8/18/2012,282,67.28
4/10/2012,417,217.54
4/10/2012,948,2555.91
4/10/2012,811,1600.24
8/18/2012,311,90.24
8/18/2012,947,2547.83
4/10/2012,980,2823.58
4/10/2012,813,1612.1
8/18/2012,358,137.65
4/10/2012,421,223.86
4/10/2012,948,2555.91
8/18/2012,631,753.72
4/10/2012,877,2023.58
4/10/2012,756,1296.24
8/18/2012,633,760.91
4/10/2012,633,760.91
8/18/2012,709,1069.2
4/10/2012,596,635.13
8/18/2012,943,2515.69
8/18/2012,833,1734.03
8/18/2012,476,323.55
8/18/2012,233,37.95
4/10/2012,505,386.36
8/18/2012,239,40.96
4/10/2012,334,111.78
4/10/2012,382,167.23
8/18/2012,874,2002.88
4/10/2012,519,419.4
8/18/2012,950,2572.12
8/18/2012,929,2405.3
4/10/2012,952,2588.4
8/18/2012,846,1816.49
8/18/2012,800,1536
8/18/2012,318,96.47
8/18/2012,819,1648.06
4/10/2012,997,2973.08
4/10/2012,795,1507.38
8/18/2012,883,2065.4
8/18/2012,533,454.26
4/10/2012,564,538.22
4/10/2012,584,597.53
8/18/2012,246,44.66
4/10/2012,851,1848.89
4/10/2012,998,2982.04
8/18/2012,352,130.84
4/10/2012,257,50.92
4/10/2012,669,898.25
8/18/2012,340,117.91
8/18/2012,667,890.22
4/10/2012,215,29.82
4/10/2012,792,1490.38
8/18/2012,246,44.66
8/18/2012,664,878.26
4/10/2012,561,529.68
4/10/2012,303,83.45
8/18/2012,268,57.75
4/10/2012,986,2875.76
8/18/2012,786,1456.76
4/10/2012,890,2114.91
8/18/2012,903,2208.94
8/18/2012,725,1143.23
8/18/2012,861,1914.83
8/18/2012,573,564.4
4/10/2012,659,858.57
8/18/2012,285,69.45
8/18/2012,651,827.68
8/18/2012,221,32.38
4/10/2012,497,368.29
4/10/2012,475,321.52
8/18/2012,383,168.55
8/18/2012,611,684.3
4/10/2012,493,359.47
4/10/2012,243,43.05
8/18/2012,287,70.92
8/18/2012,968,2721.12
4/10/2012,911,2268.17
8/18/2012,705,1051.21
8/18/2012,873,1996.02
8/18/2012,680,943.3
8/18/2012,889,2107.79
4/10/2012,848,1829.4
4/10/2012,693,998.44
8/18/2012,740,1215.67
4/10/2012,828,1702.99
4/10/2012,947,2547.83
4/10/2012,838,1765.44
8/18/2012,617,704.66
4/10/2012,900,2187
8/18/2012,334,111.78
8/18/2012,778,1412.73
4/10/2012,531,449.16
8/18/2012,249,46.31
8/18/2012,990,2910.9
4/10/2012,932,2428.67
4/10/2012,449,271.56
4/10/2012,608,674.27
4/10/2012,721,1124.42
8/18/2012,570,555.58
4/10/2012,488,348.64
4/10/2012,513,405.02
8/18/2012,959,2645.92
8/18/2012,372,154.44
8/18/2012,393,182.1
4/10/2012,596,635.13
4/10/2012,582,591.41
4/10/2012,311,90.24
4/10/2012,792,1490.38
8/18/2012,659,858.57
4/10/2012,787,1462.33
8/18/2012,558,521.22
4/10/2012,802,1547.55
4/10/2012,882,2058.39
8/18/2012,266,56.46
8/18/2012,520,421.82
4/10/2012,634,764.52
8/18/2012,718,1110.44
4/10/2012,277,63.76
4/10/2012,444,262.59
8/18/2012,663,874.3
4/10/2012,962,2670.83
4/10/2012,674,918.55
8/18/2012,633,760.91
4/10/2012,330,107.81
4/10/2012,525,434.11
8/18/2012,715,1096.58
8/18/2012,400,192
4/10/2012,580,585.34
8/18/2012,796,1513.08
4/10/2012,971,2746.5
8/18/2012,351,129.73
8/18/2012,701,1033.42
8/18/2012,781,1429.14
8/18/2012,528,441.59
4/10/2012,847,1822.94
4/10/2012,221,32.38
4/10/2012,846,1816.49
4/10/2012,950,2572.12
8/18/2012,732,1176.67
8/18/2012,340,117.91
4/10/2012,786,1456.76
8/18/2012,226,34.63
4/10/2012,534,456.82
4/10/2012,885,2079.46
8/18/2012,448,269.75
8/18/2012,231,36.98
8/18/2012,626,735.94
8/18/2012,940,2491.75
4/10/2012,336,113.8
8/18/2012,556,515.64
8/18/2012,752,1275.78
8/18/2012,776,1401.87
8/18/2012,365,145.88
8/18/2012,555,512.86
4/10/2012,211,28.18
4/10/2012,554,510.09
8/18/2012,818,1642.03
4/10/2012,649,820.08
4/10/2012,848,1829.4
4/10/2012,241,41.99
8/18/2012,800,1536
4/10/2012,217,30.65
4/10/2012,476,323.55
4/10/2012,762,1327.35
4/10/2012,491,355.11
8/18/2012,363,143.5
8/18/2012,711,1078.28
4/10/2012,625,732.42
8/18/2012,339,116.87
4/10/2012,391,179.33
8/18/2012,780,1423.66
4/10/2012,840,1778.11
8/18/2012,638,779.08
4/10/2012,335,112.79
8/18/2012,365,145.88
8/18/2012,760,1316.93
4/10/2012,497,368.29
4/10/2012,282,67.28
4/10/2012,361,141.14
4/10/2012,507,390.97
8/18/2012,389,176.59
8/18/2012,421,223.86
8/18/2012,955,2612.95
4/10/2012,585,600.6
8/18/2012,249,46.31
8/18/2012,802,1547.55
4/10/2012,991,2919.73
4/10/2012,648,816.29
4/10/2012,547,491
4/10/2012,801,1541.77
4/10/2012,298,79.39
4/10/2012,625,732.42
8/18/2012,439,253.81
8/18/2012,207,26.61
4/10/2012,351,129.73
4/10/2012,247,45.21
4/10/2012,230,36.5
4/10/2012,225,34.17
8/18/2012,608,674.27
4/10/2012,986,2875.76
8/18/2012,998,2982.04
4/10/2012,239,40.96
4/10/2012,450,273.38
4/10/2012,707,1060.18
8/18/2012,892,2129.2
8/18/2012,357,136.5
8/18/2012,504,384.07
8/18/2012,449,271.56
8/18/2012,299,80.19
4/10/2012,550,499.12
8/18/2012,755,1291.11
8/18/2012,374,156.94
8/18/2012,893,2136.37
8/18/2012,857,1888.27
4/10/2012,599,644.77
8/18/2012,337,114.82
8/18/2012,784,1445.67
4/10/2012,244,43.58
8/18/2012,789,1473.51
8/18/2012,273,61.04
8/18/2012,642,793.83
8/18/2012,482,335.94
4/10/2012,652,831.5
4/10/2012,249,46.31
8/18/2012,655,843.03
4/10/2012,535,459.39
4/10/2012,998,2982.04
8/18/2012,813,1612.1
8/18/2012,423,227.06
4/10/2012,846,1816.49
8/18/2012,336,113.8
8/18/2012,281,66.56
4/10/2012,675,922.64
4/10/2012,200,24
4/10/2012,625,732.42
4/10/2012,929,2405.3
8/18/2012,364,144.69
4/10/2012,251,47.44
4/10/2012,552,504.59
4/10/2012,889,2107.79
8/18/2012,671,906.34
8/18/2012,596,635.13
4/10/2012,803,1553.34
8/18/2012,561,529.68
8/18/2012,586,603.69
8/18/2012,442,259.05
8/18/2012,468,307.51
4/10/2012,584,597.53
8/18/2012,845,1810.05
8/18/2012,452,277.04
8/18/2012,529,444.11
8/18/2012,689,981.25
4/10/2012,976,2789.14
8/18/2012,762,1327.35
8/18/2012,635,768.14
8/18/2012,801,1541.77
4/10/2012,410,206.76
4/10/2012,591,619.28
8/18/2012,839,1771.77
8/18/2012,379,163.32
8/18/2012,765,1343.09
8/18/2012,892,2129.2
8/18/2012,276,63.07
4/10/2012,244,43.58
4/10/2012,938,2475.88
8/18/2012,450,273.38
4/10/2012,630,750.14
8/18/2012,472,315.46
4/10/2012,998,2982.04
4/10/2012,905,2223.65
4/10/2012,511,400.3
8/18/2012,651,827.68
4/10/2012,270,59.05
8/18/2012,397,187.71
4/10/2012,883,2065.4
4/10/2012,469,309.49
8/18/2012,494,361.66
8/18/2012,497,368.29
4/10/2012,494,361.66
8/18/2012,445,264.36
8/18/2012,370,151.96
8/18/2012,472,315.46
8/18/2012,770,1369.6
8/18/2012,396,186.3
8/18/2012,352,130.84
4/10/2012,711,1078.28
4/10/2012,265,55.83
4/10/2012,567,546.85
4/10/2012,203,25.1
8/18/2012,489,350.79
4/10/2012,564,538.22
8/18/2012,660,862.49
8/18/2012,294,76.24
4/10/2012,419,220.68
8/18/2012,496,366.07
8/18/2012,828,1702.99
8/18/2012,369,150.73
8/18/2012,401,193.44
4/10/2012,649,820.08
4/10/2012,214,29.4
4/10/2012,972,2754.99
8/18/2012,711,1078.28
8/18/2012,266,56.46
4/10/2012,238,40.44
4/10/2012,646,808.76
8/18/2012,949,2564.01
4/10/2012,700,1029
8/18/2012,260,52.73
8/18/2012,254,49.16
4/10/2012,223,33.27
8/18/2012,913,2283.15
4/10/2012,276,63.07
8/18/2012,900,2187
8/18/2012,777,1407.29
4/10/2012,980,2823.58
4/10/2012,649,820.08
8/18/2012,587,606.79
8/18/2012,886,2086.52
8/18/2012,208,27
4/10/2012,463,297.76
4/10/2012,581,588.37
8/18/2012,336,113.8
8/18/2012,892,2129.2
8/18/2012,874,2002.88
4/10/2012,369,150.73
8/18/2012,499,372.75
8/18/2012,447,267.94
4/10/2012,810,1594.32
8/18/2012,537,464.56
4/10/2012,320,98.3
4/10/2012,458,288.22
8/18/2012,401,193.44
8/18/2012,792,1490.38
4/10/2012,575,570.33
4/10/2012,848,1829.4
8/18/2012,359,138.8
4/10/2012,243,43.05
4/10/2012,267,57.1
4/10/2012,469,309.49
8/18/2012,551,501.85
8/18/2012,961,2662.51
8/18/2012,742,1225.56
8/18/2012,455,282.59
4/10/2012,886,2086.52
8/18/2012,554,510.09
4/10/2012,275,62.39
8/18/2012,807,1576.67
4/10/2012,530,446.63
4/10/2012,718,1110.44
4/10/2012,965,2695.9
4/10/2012,645,805.01
4/10/2012,546,488.31
8/18/2012,423,227.06
4/10/2012,544,482.97
4/10/2012,694,1002.77
8/18/2012,562,532.51
4/10/2012,565,541.09
4/10/2012,225,34.17
4/10/2012,845,1810.05
8/18/2012,287,70.92
4/10/2012,477,325.59
4/10/2012,386,172.54
8/18/2012,337,114.82
4/10/2012,271,59.71
4/10/2012,936,2460.08
8/18/2012,927,2389.79
8/18/2012,563,535.36
8/18/2012,551,501.85
4/10/2012,593,625.58
4/10/2012,655,843.03
4/10/2012,782,1434.64
8/18/2012,572,561.45
8/18/2012,303,83.45
8/18/2012,729,1162.26
8/18/2012,392,180.71
4/10/2012,808,1582.54
8/18/2012,782,1434.64
4/10/2012,700,1029
4/10/2012,971,2746.5
8/18/2012,476,323.55
8/18/2012,551,501.85
4/10/2012,862,1921.51
4/10/2012,996,2964.14
4/10/2012,862,1921.51
8/18/2012,692,994.12
4/10/2012,480,331.78
4/10/2012,541,475.02
4/10/2012,493,359.47
4/10/2012,982,2840.9
8/18/2012,899,2179.72
4/10/2012,389,176.59
8/18/2012,836,1752.83
8/18/2012,668,894.23
8/18/2012,947,2547.83
8/18/2012,310,89.37
4/10/2012,607,670.95
8/18/2012,638,779.08
4/10/2012,414,212.87
4/10/2012,966,2704.29
4/10/2012,687,972.73
8/18/2012,217,30.65
4/10/2012,329,106.83
8/18/2012,481,333.85
4/10/2012,462,295.83
4/10/2012,836,1752.83
8/18/2012,502,379.52
8/18/2012,998,2982.04
4/10/2012,753,1280.87
8/18/2012,885,2079.46
4/10/2012,711,1078.28
4/10/2012,278,64.45
4/10/2012,533,454.26
8/18/2012,665,882.24
4/10/2012,469,309.49
8/18/2012,684,960.04
4/10/2012,706,1055.69
8/18/2012,777,1407.29
4/10/2012,543,480.31
8/18/2012,795,1507.38
8/18/2012,656,846.9
8/18/2012,616,701.23
8/18/2012,256,50.33
4/10/2012,591,619.28
8/18/2012,447,267.94
8/18/2012,562,532.51
4/10/2012,267,57.1
8/18/2012,873,1996.02
4/10/2012,403,196.35
4/10/2012,250,46.88
8/18/2012,544,482.97
4/10/2012,949,2564.01
4/10/2012,466,303.58
4/10/2012,294,76.24
8/18/2012,233,37.95
8/18/2012,883,2065.4
4/10/2012,889,2107.79
4/10/2012,957,2629.4
8/18/2012,773,1385.67
8/18/2012,461,293.92
4/10/2012,542,477.66
4/10/2012,819,1648.06
8/18/2012,913,2283.15
4/10/2012,952,2588.4
4/10/2012,247,45.21
8/18/2012,680,943.3
8/18/2012,362,142.31
8/18/2012,318,96.47
4/10/2012,522,426.71
4/10/2012,989,2902.09
4/10/2012,909,2253.27
8/18/2012,615,697.83
8/18/2012,579,582.31
8/18/2012,865,1941.64
4/10/2012,565,541.09
8/18/2012,805,1564.98
8/18/2012,364,144.69
8/18/2012,816,1630.02
4/10/2012,701,1033.42
8/18/2012,870,1975.51
8/18/2012,254,49.16
8/18/2012,765,1343.09
4/10/2012,238,40.44
8/18/2012,850,1842.38
8/18/2012,284,68.72
8/18/2012,254,49.16
4/10/2012,939,2483.81
8/18/2012,666,886.22
4/10/2012,882,2058.39
4/10/2012,557,518.43
4/10/2012,874,2002.88
8/18/2012,443,260.81
8/18/2012,389,176.59
4/10/2012,736,1196.06
4/10/2012,341,118.96
4/10/2012,230,36.5
4/10/2012,226,34.63
8/18/2012,264,55.2
4/10/2012,575,570.33
8/18/2012,205,25.85
4/10/2012,892,2129.2
8/18/2012,361,141.14
8/18/2012,372,154.44
4/10/2012,217,30.65
8/18/2012,933,2436.5
8/18/2012,432,241.86
8/18/2012,729,1162.26
8/18/2012,584,597.53
8/18/2012,244,43.58
4/10/2012,945,2531.73
4/10/2012,624,728.91
4/10/2012,506,388.66
8/18/2012,642,793.83
8/18/2012,275,62.39
8/18/2012,467,305.54
4/10/2012,282,67.28
4/10/2012,500,375
4/10/2012,787,1462.33
8/18/2012,373,155.69
8/18/2012,820,1654.1
8/18/2012,597,638.33
4/10/2012,508,393.29
8/18/2012,511,400.3
8/18/2012,658,854.67
4/10/2012,301,81.81
4/10/2012,881,2051.39
4/10/2012,664,878.26
8/18/2012,339,116.87
4/10/2012,995,2955.22
8/18/2012,330,107.81
8/18/2012,818,1642.03
8/18/2012,289,72.41
4/10/2012,452,277.04
4/10/2012,465,301.63
8/18/2012,277,63.76
8/18/2012,424,228.68
8/18/2012,209,27.39
4/10/2012,364,144.69
8/18/2012,942,2507.69
8/18/2012,217,30.65
8/18/2012,344,122.12
4/10/2012,341,118.96
8/18/2012,842,1790.84
8/18/2012,377,160.75
4/10/2012,253,48.58
4/10/2012,603,657.77
8/18/2012,524,431.63
4/10/2012,652,831.5
4/10/2012,756,1296.24
8/18/2012,831,1721.57
4/10/2012,926,2382.07
8/18/2012,581,588.37
4/10/2012,284,68.72
4/10/2012,487,346.5
4/10/2012,253,48.58
4/10/2012,733,1181.5
4/10/2012,439,253.81
8/18/2012,357,136.5
8/18/2012,994,2946.32
4/10/2012,728,1157.49
8/18/2012,535,459.39
8/18/2012,997,2973.08
8/18/2012,235,38.93
4/10/2012,496,366.07
8/18/2012,978,2806.32
8/18/2012,812,1606.16
4/10/2012,729,1162.26
8/18/2012,997,2973.08
8/18/2012,584,597.53
4/10/2012,717,1105.81
8/18/2012,588,609.89
4/10/2012,574,567.36
4/10/2012,721,1124.42
4/10/2012,805,1564.98
4/10/2012,571,558.51
4/10/2012,997,2973.08
4/10/2012,474,319.49
8/18/2012,707,1060.18
4/10/2012,696,1011.46
4/10/2012,213,28.99
4/10/2012,391,179.33
4/10/2012,641,790.12
8/18/2012,371,153.19
4/10/2012,215,29.82
8/18/2012,982,2840.9
8/18/2012,756,1296.24
4/10/2012,917,2313.29
4/10/2012,530,446.63
4/10/2012,454,280.73
4/10/2012,387,173.88
8/18/2012,490,352.95
8/18/2012,473,317.47
8/18/2012,417,217.54
4/10/2012,634,764.52
8/18/2012,645,805.01
8/18/2012,658,854.67
4/10/2012,561,529.68
8/18/2012,489,350.79
4/10/2012,684,960.04
4/10/2012,491,355.11
4/10/2012,481,333.85
8/18/2012,841,1784.47
8/18/2012,942,2507.69
8/18/2012,324,102.04
4/10/2012,315,93.77
4/10/2012,494,361.66
4/10/2012,515,409.77
4/10/2012,334,111.78
8/18/2012,748,1255.53
8/18/2012,535,459.39
4/10/2012,402,194.89
4/10/2012,980,2823.58
8/18/2012,923,2358.99
8/18/2012,692,994.12
4/10/2012,808,1582.54
4/10/2012,706,1055.69
8/18/2012,590,616.14
4/10/2012,281,66.56
8/18/2012,746,1245.48
8/18/2012,228,35.56
4/10/2012,392,180.71
4/10/2012,902,2201.61
8/18/2012,391,179.33
4/10/2012,355,134.22
4/10/2012,761,1322.13
4/10/2012,222,32.82
4/10/2012,884,2072.42
8/18/2012,462,295.83
4/10/2012,875,2009.77
4/10/2012,256,50.33
4/10/2012,329,106.83
8/18/2012,572,561.45
8/18/2012,567,546.85
4/10/2012,312,91.11
8/18/2012,386,172.54
4/10/2012,966,2704.29
8/18/2012,540,472.39
4/10/2012,909,2253.27
8/18/2012,909,2253.27
4/10/2012,991,2919.73
8/18/2012,540,472.39
8/18/2012,535,459.39
4/10/2012,575,570.33
8/18/2012,919,2328.45
4/10/2012,881,2051.39
8/18/2012,832,1727.79
8/18/2012,516,412.16
8/18/2012,635,768.14
8/18/2012,357,136.5
4/10/2012,610,680.94
8/18/2012,664,878.26
4/10/2012,812,1606.16
8/18/2012,202,24.73
8/18/2012,956,2621.17
8/18/2012,751,1270.69
4/10/2012,641,790.12
4/10/2012,809,1588.43
4/10/2012,271,59.71
8/18/2012,970,2738.02
8/18/2012,974,2772.03
4/10/2012,204,25.47
8/18/2012,820,1654.1
4/10/2012,324,102.04
8/18/2012,445,264.36
4/10/2012,551,501.85
8/18/2012,880,2044.42
4/10/2012,472,315.46
8/18/2012,911,2268.17
4/10/2012,501,377.25
4/10/2012,472,315.46
4/10/2012,978,2806.32
8/18/2012,741,1220.61
8/18/2012,416,215.97
4/10/2012,268,57.75
8/18/2012,486,344.37
8/18/2012,752,1275.78
4/10/2012,804,1559.16
8/18/2012,917,2313.29
4/10/2012,425,230.3
8/18/2012,474,319.49
4/10/2012,555,512.86
8/18/2012,997,2973.08
4/10/2012,553,507.34
8/18/2012,702,1037.85
4/10/2012,633,760.91
8/18/2012,278,64.45
4/10/2012,530,446.63
8/18/2012,457,286.33
8/18/2012,525,434.11
8/18/2012,726,1147.97
8/18/2012,637,775.42
4/10/2012,741,1220.61
4/10/2012,458,288.22
4/10/2012,485,342.25
4/10/2012,344,122.12
8/18/2012,838,1765.44
8/18/2012,728,1157.49
8/18/2012,960,2654.21
8/18/2012,511,400.3
4/10/2012,974,2772.03
4/10/2012,574,567.36
4/10/2012,601,651.25
8/18/2012,262,53.95
4/10/2012,918,2320.86
4/10/2012,563,535.36
8/18/2012,615,697.83
8/18/2012,819,1648.06
8/18/2012,403,196.35
8/18/2012,960,2654.21
4/10/2012,241,41.99
8/18/2012,920,2336.06
8/18/2012,705,1051.21
8/18/2012,292,74.69
4/10/2012,702,1037.85
4/10/2012,604,661.05
8/18/2012,784,1445.67
8/18/2012,428,235.21
4/10/2012,608,674.27
4/10/2012,945,2531.73
4/10/2012,785,1451.21
4/10/2012,238,40.44
4/10/2012,571,558.51
4/10/2012,901,2194.3
4/10/2012,862,1921.51
8/18/2012,766,1348.37
4/10/2012,332,109.78
4/10/2012,504,384.07
4/10/2012,857,1888.27
8/18/2012,922,2351.33
8/18/2012,444,262.59
4/10/2012,910,2260.71
4/10/2012,256,50.33
4/10/2012,866,1948.39
4/10/2012,867,1955.14
8/18/2012,809,1588.43
8/18/2012,593,625.58
8/18/2012,687,972.73
8/18/2012,370,151.96
4/10/2012,669,898.25
8/18/2012,840,1778.11
8/18/2012,694,1002.77
4/10/2012,535,459.39
8/18/2012,682,951.64
4/10/2012,788,1467.91
8/18/2012,577,576.3
8/18/2012,655,843.03
4/10/2012,505,386.36
8/18/2012,436,248.65
8/18/2012,386,172.54
8/18/2012,227,35.09
4/10/2012,525,434.11
8/18/2012,247,45.21
4/10/2012,984,2858.29
4/10/2012,256,50.33
8/18/2012,479,329.71
8/18/2012,547,491
4/10/2012,312,91.11
4/10/2012,861,1914.83
8/18/2012,314,92.88
4/10/2012,442,259.05
4/10/2012,396,186.3
4/10/2012,938,2475.88
8/18/2012,267,57.1
4/10/2012,421,223.86
8/18/2012,629,746.57
4/10/2012,893,2136.37
4/10/2012,858,1894.89
4/10/2012,526,436.59
4/10/2012,842,1790.84
8/18/2012,947,2547.83
4/10/2012,956,2621.17
4/10/2012,925,2374.36
4/10/2012,335,112.79
4/10/2012,725,1143.23
8/18/2012,364,144.69
8/18/2012,843,1797.23
8/18/2012,397,187.71
8/18/2012,726,1147.97
4/10/2012,961,2662.51
8/18/2012,534,456.82
4/10/2012,851,1848.89
4/10/2012,854,1868.51
8/18/2012,540,472.39
8/18/2012,516,412.16
8/18/2012,391,179.33
8/18/2012,634,764.52
4/10/2012,767,1353.65
8/18/2012,421,223.86
4/10/2012,949,2564.01
4/10/2012,965,2695.9
4/10/2012,291,73.93
8/18/2012,851,1848.89
