WSHD,SOIL_PROD,GRADIENT,WIDTH,PRESENCE
1,47.8,5.11,6.49,0
1,47.8,11.74,14.51,0
1,47.8,14.09,9.96,0
1,47.8,10.07,7.12,0
1,47.8,8.44,8.34,0
1,47.8,18.83,13.75,0
1,47.8,4.62,10.06,0
1,47.8,19.34,9.22,0
1,47.8,16.46,10.66,0
1,47.8,7.82,11.34,0
1,47.8,12.4,6.5,0
1,47.8,10.5,13.87,0
1,47.8,18.48,7.62,0
1,47.8,18.38,12.59,0
1,47.8,4.43,13.14,0
1,47.8,4.98,13.98,0
1,47.8,14.23,9.59,0
1,47.8,4.14,5.23,0
1,47.8,17.54,7.83,0
1,47.8,8.04,13.42,0
2,33.4,3.06,11.6,0
2,33.4,6.24,14.62,0
2,33.4,16.73,7.93,1
2,33.4,6.46,7.48,0
2,33.4,15.09,12.08,0
2,33.4,6.71,11.48,0
2,33.4,18.08,5.54,1
2,33.4,0.98,12.97,0
2,33.4,18.43,9.7,1
2,33.4,7.89,12.57,0
2,33.4,15.18,7.53,1
2,33.4,8.18,14.87,0
2,33.4,13.58,7.26,1
2,33.4,4.89,11.07,0
2,33.4,17.72,7.3,1
2,33.4,0.24,9.04,0
2,33.4,1.08,7.12,0
2,33.4,11.56,9.59,0
2,33.4,0.23,12.86,0
2,33.4,5.91,11.63,0
3,33.2,5.49,9.14,1
3,33.2,16.43,7.58,1
3,33.2,11.09,11.13,1
3,33.2,16.27,6.98,1
3,33.2,19.19,10.07,1
3,33.2,19.86,14.29,1
3,33.2,15.62,12.13,1
3,33.2,8.73,8.98,1
3,33.2,2.13,13.93,0
3,33.2,12.83,10.33,1
3,33.2,8.75,14.23,1
3,33.2,6.53,6.49,1
3,33.2,8.85,10.46,1
3,33.2,10.82,14.03,1
3,33.2,14.98,8.94,1
3,33.2,9.56,11.48,1
3,33.2,1.52,5.8,1
3,33.2,19.76,13.46,1
3,33.2,19.09,6.44,1
3,33.2,17.46,6.06,1
4,65.4,13.08,7.6,0
4,65.4,2.82,13.88,0
4,65.4,18.99,13.35,0
4,65.4,4.65,13.94,0
4,65.4,17.37,8.56,1
4,65.4,8.68,13.21,0
4,65.4,1.95,12.22,0
4,65.4,15.36,12.79,0
4,65.4,18.56,7.63,0
4,65.4,5.07,14.44,0
4,65.4,15.39,7.18,0
4,65.4,12.55,11.07,0
4,65.4,5.77,8.99,0
4,65.4,2.6,14.68,0
4,65.4,18.53,5.74,1
4,65.4,5.88,7.71,1
4,65.4,16.5,12.73,0
4,65.4,16.38,11.75,0
4,65.4,7.77,10.77,0
4,65.4,10.85,10.88,0
5,42.4,1.88,11.72,0
5,42.4,10.24,7.33,0
5,42.4,7.1,12.34,0
5,42.4,2.36,8.05,0
5,42.4,14.83,7.95,0
5,42.4,12.78,11.05,0
5,42.4,1.61,6.24,0
5,42.4,9.15,6.25,0
5,42.4,18.29,8.22,0
5,42.4,7.25,10.88,0
5,42.4,13.01,8.97,0
5,42.4,15.74,8.82,0
5,42.4,11.37,5.17,0
5,42.4,5.34,13.02,0
5,42.4,11.75,13.61,0
5,42.4,12.02,10.48,0
5,42.4,10.4,14.65,0
5,42.4,4.9,10.87,0
5,42.4,10.2,9.22,0
5,42.4,18.67,9.84,0
6,24.5,8.13,12.01,0
6,24.5,1.91,8.92,0
6,24.5,17.69,8.77,0
6,24.5,9.22,13.77,0
6,24.5,5.68,8.89,0
6,24.5,1.16,7.15,0
6,24.5,13.2,6.42,0
6,24.5,16.76,10.77,0
6,24.5,9.56,12.35,0
6,24.5,10.49,11.06,0
6,24.5,6.03,5.2,0
6,24.5,1.39,8.22,0
6,24.5,3.26,7.8,0
6,24.5,13.33,5.64,0
6,24.5,2.39,14.09,0
6,24.5,17.58,8.96,1
6,24.5,11.79,7.73,0
6,24.5,17.06,5.75,0
6,24.5,9.69,14.05,0
6,24.5,0.4,14.94,0
7,31,19.15,11.58,0
7,31,9.21,9.98,0
7,31,13.69,8.74,0
7,31,0.93,10.13,0
7,31,15.98,14.23,0
7,31,17.82,12.41,0
7,31,12.89,14.71,0
7,31,0.22,11.91,0
7,31,8.84,12.04,0
7,31,18.31,10.89,0
7,31,1.75,12.91,0
7,31,5.32,8.19,0
7,31,16.73,6.4,0
7,31,9.71,8.76,0
7,31,6.17,12.66,0
7,31,9.55,5.54,0
7,31,7.57,11.76,0
7,31,17.76,12.62,0
7,31,11.29,13.09,0
7,31,0.71,10.94,0
8,48.2,2.3,8.74,0
8,48.2,16.06,6.79,0
8,48.2,15.29,11.16,0
8,48.2,12.75,13.87,0
8,48.2,9.34,11.53,0
8,48.2,18.8,8.92,0
8,48.2,0.3,5.54,0
8,48.2,15.02,8.2,0
8,48.2,16.27,6.77,0
8,48.2,13.01,11.5,0
8,48.2,12.98,8.35,0
8,48.2,19.54,10.75,0
8,48.2,13.24,11.1,0
8,48.2,15.26,9.47,0
8,48.2,7.83,10.91,0
8,48.2,16.48,8.7,0
8,48.2,11.37,6.89,0
8,48.2,4.56,14.57,0
8,48.2,3.8,7.67,0
8,48.2,5.04,8.81,0
9,25.5,19.68,11.03,0
9,25.5,3.31,14.9,0
9,25.5,12.96,10.34,0
9,25.5,13.63,6.49,0
9,25.5,11.63,12.3,0
9,25.5,18.89,7.48,0
9,25.5,13.14,7.76,0
9,25.5,11.25,11.44,0
9,25.5,0.51,13.51,0
9,25.5,7.58,12.74,0
9,25.5,0.57,6.83,0
9,25.5,13.65,7.97,0
9,25.5,19.09,10.56,0
9,25.5,13.35,9.58,0
9,25.5,8.69,6.27,0
9,25.5,12.87,11.59,0
9,25.5,7.43,6.79,0
9,25.5,6.21,5.32,0
9,25.5,16.32,14.02,0
9,25.5,8.04,9.19,0
10,32.2,16.94,13.82,0
10,32.2,0.51,8.69,0
10,32.2,8.87,12.88,0
10,32.2,12.84,7.91,0
10,32.2,8.14,10.85,0
10,32.2,12.52,14.56,0
10,32.2,12.49,5.67,0
10,32.2,5.76,12.17,0
10,32.2,11.58,9.52,0
10,32.2,5.62,14.76,0
10,32.2,13.28,10.5,0
10,32.2,10.55,5.44,0
10,32.2,1.94,9.8,0
10,32.2,3.76,6.5,0
10,32.2,19.27,6.03,0
10,32.2,12.06,11.33,0
10,32.2,13.7,5.61,0
10,32.2,18.33,6.91,0
10,32.2,16.16,7.62,0
10,32.2,16.42,5.38,0
11,4.5,19.6,9.08,1
11,4.5,5.59,9.19,0
11,4.5,4.37,11.72,0
11,4.5,16.94,13.55,0
11,4.5,0.82,6.17,0
11,4.5,7.55,13.91,0
11,4.5,18.01,5.4,0
11,4.5,1.58,6.35,0
11,4.5,5.97,13.27,0
11,4.5,12.75,8.26,0
11,4.5,14.49,6.7,1
11,4.5,18.12,14.8,0
11,4.5,14.69,12.62,0
11,4.5,10.28,10.25,0
11,4.5,4.49,13.31,0
11,4.5,16.57,5.57,1
11,4.5,18.41,6.65,1
11,4.5,10.27,12.74,0
11,4.5,14.47,6.53,0
11,4.5,6.13,11.32,0
12,0,4.71,14.63,0
12,0,17.67,13.87,0
12,0,18.99,9.54,0
12,0,9.02,11.74,0
12,0,2.26,8.1,0
12,0,15.47,14.26,0
12,0,5.52,13.37,0
12,0,16.35,5.21,0
12,0,0.6,6.16,0
12,0,3,8.07,0
12,0,7.16,10.39,0
12,0,7.46,13.66,0
12,0,16.32,11.99,0
12,0,6.54,9.46,0
12,0,19.33,12.03,0
12,0,8.1,7.33,0
12,0,10.13,5.26,0
12,0,18.39,9.9,0
12,0,7.57,13.76,0
12,0,2.55,5.81,0
13,74.6,7.5,10.51,0
13,74.6,18.69,7.09,1
13,74.6,13.34,14.95,0
13,74.6,11.07,5.56,0
13,74.6,8.29,12.96,0
13,74.6,15.46,8.48,1
13,74.6,13.6,5.55,1
13,74.6,6.74,14.49,0
13,74.6,11.21,12.26,0
13,74.6,5.78,8.08,0
13,74.6,13.87,13.84,0
13,74.6,8.75,11.42,0
13,74.6,2.23,14.84,0
13,74.6,17.78,14.88,0
13,74.6,1.48,11.16,0
13,74.6,11.47,9.22,0
13,74.6,9.16,6.2,0
13,74.6,2.44,11.8,0
13,74.6,7.58,6.62,0
13,74.6,1.3,11.01,0
14,67.6,5.23,5.62,1
14,67.6,4.73,7.36,0
14,67.6,18.57,12.1,1
14,67.6,8.92,13.87,0
14,67.6,5.97,6.85,0
14,67.6,2.86,9.11,1
14,67.6,15.62,9.77,0
14,67.6,6.9,11.41,0
14,67.6,9.95,7.29,1
14,67.6,17.95,8.56,0
14,67.6,0.42,14.38,0
14,67.6,12.57,5.74,1
14,67.6,0.24,7.19,0
14,67.6,19.5,10.28,1
14,67.6,1.75,12.39,0
14,67.6,5.64,10.23,0
14,67.6,2.4,8.35,0
14,67.6,11.34,7.48,1
14,67.6,2.81,12.47,0
14,67.6,7.03,12.62,0
15,23.8,19.54,14.86,0
15,23.8,17.29,6.14,0
15,23.8,8.42,12.05,0
15,23.8,4.95,6.32,0
15,23.8,9.98,12.26,0
15,23.8,18.68,10.3,0
15,23.8,10.62,11.82,0
15,23.8,10.27,6.4,0
15,23.8,7.17,7.18,0
15,23.8,12.05,11.54,0
15,23.8,4.67,10.86,0
15,23.8,18.28,11.56,0
15,23.8,17.41,10.86,0
15,23.8,11.47,5.67,0
15,23.8,10.93,8.41,0
15,23.8,9.73,13.34,0
15,23.8,11.41,10.35,0
15,23.8,17.04,14.86,0
15,23.8,4.63,13.19,0
15,23.8,5.74,10.62,0
16,61.8,8.57,11.43,0
16,61.8,13.15,9.12,0
16,61.8,14.84,13.6,0
16,61.8,19.91,13.5,0
16,61.8,14.5,14.76,0
16,61.8,19.66,11.18,1
16,61.8,6.4,7.5,0
16,61.8,4.33,5.18,0
16,61.8,7.03,7.04,0
16,61.8,1.23,14.87,0
16,61.8,3.38,14.36,0
16,61.8,0.47,5.65,0
16,61.8,8.77,5.53,0
16,61.8,8.52,9.49,0
16,61.8,14.66,11.74,0
16,61.8,6.33,9.03,0
16,61.8,16.23,7.29,0
16,61.8,8.96,5.36,0
16,61.8,1.03,9.25,0
16,61.8,8.9,11.51,0
17,58.3,12.56,14.9,0
17,58.3,16.39,11.16,0
17,58.3,15.09,5.99,0
17,58.3,12.82,11.49,0
17,58.3,1.27,11.32,0
17,58.3,3.42,11.06,0
17,58.3,15.83,8.44,0
17,58.3,5.4,11.73,0
17,58.3,3.05,5.98,0
17,58.3,17.56,5.11,0
17,58.3,2.34,10.95,0
17,58.3,18.77,9.01,0
17,58.3,10.07,12.34,0
17,58.3,7.83,5.26,0
17,58.3,10.5,12.67,0
17,58.3,4.04,12.31,0
17,58.3,2.51,6.28,0
17,58.3,2.88,13.29,0
17,58.3,4.95,8,0
17,58.3,1.38,6.95,0
18,48.5,9.74,8.76,0
18,48.5,10.24,14.9,0
18,48.5,3.34,8.21,0
18,48.5,5.07,6.49,0
18,48.5,5.55,13.89,0
18,48.5,0.62,5.8,0
18,48.5,18.86,5.84,1
18,48.5,16.24,12.04,0
18,48.5,0.92,5.07,0
18,48.5,0.88,12.31,0
18,48.5,14.9,6.98,1
18,48.5,0.59,6.52,0
18,48.5,11.11,14.59,0
18,48.5,7.22,5.89,0
18,48.5,7.77,10.5,0
18,48.5,19.33,10.53,0
18,48.5,17.38,7.03,1
18,48.5,14.22,6.8,0
18,48.5,9.19,14.54,0
18,48.5,0.94,6.74,0
19,37.3,3.89,13.79,0
19,37.3,6.48,12.93,0
19,37.3,16.03,10.08,0
19,37.3,19.44,12.24,0
19,37.3,1.79,6.38,0
19,37.3,16.96,11.32,0
19,37.3,1.4,9.45,0
19,37.3,19.9,13.52,0
19,37.3,3.88,14.48,0
19,37.3,1.72,13.15,0
19,37.3,12.52,12.36,0
19,37.3,10.19,5.09,0
19,37.3,6.32,11.19,0
19,37.3,17.9,8.99,0
19,37.3,15.04,8.38,0
19,37.3,8.4,13.08,0
19,37.3,17.24,9.13,1
19,37.3,2.68,9.73,0
19,37.3,18.24,13.82,0
19,37.3,12.52,13.14,0
20,66.2,3.24,8.64,0
20,66.2,8.81,14.36,0
20,66.2,2.48,8.49,0
20,66.2,6.31,9.4,0
20,66.2,4.05,9.1,0
20,66.2,9.95,12.1,0
20,66.2,13.35,8.27,0
20,66.2,16.56,5.88,1
20,66.2,0.47,8.96,0
20,66.2,14.57,12.05,0
20,66.2,11.76,12.87,0
20,66.2,12.75,11.02,0
20,66.2,1.35,14.59,0
20,66.2,5.44,6.31,0
20,66.2,5.8,5.09,0
20,66.2,10.89,12.69,0
20,66.2,12.03,10.34,0
20,66.2,1.6,6.41,0
20,66.2,13.33,12.25,0
20,66.2,11.84,11.85,0
21,55.1,14.32,12.23,0
21,55.1,4.57,8.71,0
21,55.1,8.88,5.29,0
21,55.1,5.82,7.97,0
21,55.1,17.92,13.38,0
21,55.1,3.52,14.03,0
21,55.1,10.24,14.08,0
21,55.1,8.62,8.75,0
21,55.1,15.03,11.93,0
21,55.1,18.17,8.19,0
21,55.1,0.73,12.79,0
21,55.1,8.63,10.67,0
21,55.1,9.13,11.99,0
21,55.1,0.72,13.4,0
21,55.1,13.92,14.77,0
21,55.1,18.64,13.36,0
21,55.1,19.26,7.4,0
21,55.1,13.33,5.04,0
21,55.1,3.25,10.95,0
21,55.1,8.06,10.47,0
22,60,5.13,5.59,1
22,60,12.45,13.81,0
22,60,15.86,8.21,1
22,60,6.5,11.91,0
22,60,1.05,8.62,0
22,60,2.41,9.86,0
22,60,11.37,8.92,0
22,60,15.06,13.62,0
22,60,16.62,12.69,1
22,60,11.57,9.94,0
22,60,14.66,7.22,1
22,60,7.27,12.49,0
22,60,0.77,5.59,0
22,60,8.33,7.49,1
22,60,4.68,10.68,0
22,60,7.66,7.85,0
22,60,17.84,10.85,1
22,60,8.1,8.02,1
22,60,12.77,6.72,0
22,60,18.37,6.34,1
23,14.9,18.63,11.1,0
23,14.9,2.58,12.1,0
23,14.9,12.98,13.6,0
23,14.9,10.63,14.18,0
23,14.9,2.96,9.85,0
23,14.9,17.83,5.45,1
23,14.9,14.5,5.82,0
23,14.9,10.26,8.86,0
23,14.9,0.26,14.15,0
23,14.9,1.7,12.86,0
23,14.9,0.12,12.26,0
23,14.9,18.19,13.59,0
23,14.9,8.81,14.57,0
23,14.9,18.39,10.42,0
23,14.9,10.96,13.03,0
23,14.9,19.37,11.94,0
23,14.9,18.76,11.34,0
23,14.9,5.31,7.48,0
23,14.9,6.56,7.02,0
23,14.9,10.39,7.83,0
24,54,7.42,7.21,1
24,54,3.43,10.59,0
24,54,3.18,9.53,1
24,54,15.26,13.09,1
24,54,17.13,14.24,1
24,54,18.55,7.93,1
24,54,9.14,9.19,1
24,54,19.51,6.94,1
24,54,19.37,5.72,1
24,54,3.04,13.2,0
24,54,1.49,11.82,0
24,54,14.51,9.33,1
24,54,16.66,5.33,1
24,54,16.97,7.7,1
24,54,19.99,12.53,1
24,54,15.62,11.99,1
24,54,9.35,5.47,1
24,54,4.41,14.25,0
24,54,5.6,11,0
24,54,19.5,5.47,1
25,72.9,19.5,13.76,0
25,72.9,10.68,6.64,1
25,72.9,5.56,7.27,1
25,72.9,18.01,13.32,0
25,72.9,8.34,14.88,0
25,72.9,2.84,6.28,0
25,72.9,0.98,10.12,0
25,72.9,4.09,5.19,0
25,72.9,5.61,9.39,0
25,72.9,13.89,8.88,1
25,72.9,8.45,9.35,0
25,72.9,18.96,5.77,1
25,72.9,10.87,7.97,1
25,72.9,11.75,10.99,0
25,72.9,6.1,10.26,0
25,72.9,16.02,11.95,0
25,72.9,12.92,13.52,0
25,72.9,1.5,10.21,0
25,72.9,19.49,9.4,1
25,72.9,13.29,14.35,0
26,2.4,2.84,7.88,1
26,2.4,5.64,12.88,0
26,2.4,3.08,6.44,1
26,2.4,5.95,13.13,0
26,2.4,7.23,13.46,1
26,2.4,5.84,6.46,1
26,2.4,8.73,9.39,0
26,2.4,13.11,14.74,1
26,2.4,12.72,13.3,0
26,2.4,18.15,10.16,1
26,2.4,15.56,10.38,1
26,2.4,8.81,6.01,1
26,2.4,8.92,14.98,0
26,2.4,0.86,12.33,0
26,2.4,14.65,9.37,1
26,2.4,15.24,8.42,1
26,2.4,17.84,9.02,1
26,2.4,17.64,5.93,1
26,2.4,1.36,12.04,0
26,2.4,15.33,13,1
27,28.1,10.23,12.51,0
27,28.1,12.93,8.73,0
27,28.1,4.44,6.75,0
27,28.1,6,9.1,0
27,28.1,18.53,10.4,0
27,28.1,14.89,8.92,0
27,28.1,9.09,6.98,0
27,28.1,3.83,13.63,0
27,28.1,15.28,12.09,0
27,28.1,1.29,9.4,0
27,28.1,1.15,13.58,0
27,28.1,18.09,13.33,0
27,28.1,4.16,5.62,0
27,28.1,7.52,9.58,0
27,28.1,0.09,8.17,0
27,28.1,18.34,14.43,0
27,28.1,9.11,11.16,0
27,28.1,15.11,6.12,0
27,28.1,8.94,10.43,0
27,28.1,14.16,6.67,0
28,45.8,14.19,5.31,1
28,45.8,1.66,14.91,0
28,45.8,16.96,6.32,0
28,45.8,0.15,8.57,0
28,45.8,8.39,12.31,0
28,45.8,2.89,5.14,0
28,45.8,17.89,9.81,0
28,45.8,8.85,9.32,0
28,45.8,12.77,6.84,0
28,45.8,19.88,11.29,1
28,45.8,16.74,9.86,0
28,45.8,15.07,11.69,0
28,45.8,15.23,11.88,0
28,45.8,13.57,14.06,0
28,45.8,4.32,8.94,0
28,45.8,11.82,6.76,0
28,45.8,4.15,10.21,0
28,45.8,3.91,14.15,0
28,45.8,3.46,11.34,0
28,45.8,7.79,9.2,1
29,8.5,7.01,13.6,0
29,8.5,16.56,9.75,0
29,8.5,4.33,10.07,0
29,8.5,7.88,12.6,0
29,8.5,6.37,14.39,0
29,8.5,12.1,5.03,0
29,8.5,4.86,11.98,0
29,8.5,6.54,7.73,0
29,8.5,12.16,13.03,0
29,8.5,19.69,14.92,0
29,8.5,19.03,5.79,0
29,8.5,15.33,8.24,0
29,8.5,10.57,8.91,0
29,8.5,15.34,7.78,0
29,8.5,2.91,11.91,0
29,8.5,5.72,13.53,0
29,8.5,10.84,7.7,0
29,8.5,17,5.56,0
29,8.5,14.54,11.88,0
29,8.5,1.37,9.36,0
30,60.1,2.74,14.68,0
30,60.1,13.8,13.63,0
30,60.1,8.41,5.68,0
30,60.1,6.98,11.24,0
30,60.1,18.11,10.6,0
30,60.1,14.91,5.1,0
30,60.1,5.9,7.35,0
30,60.1,5.79,11.91,0
30,60.1,6.33,11.91,0
30,60.1,10.69,8.39,0
30,60.1,16.57,12.3,0
30,60.1,16.34,12.32,1
30,60.1,19.01,8.61,1
30,60.1,1.49,12.34,0
30,60.1,9.84,14.69,0
30,60.1,5.28,11.22,0
30,60.1,2.86,9.57,0
30,60.1,4.28,12.26,0
30,60.1,10.43,11.58,0
30,60.1,1.28,6.71,0
31,42.2,16.84,14.37,0
31,42.2,8.92,13.02,0
31,42.2,17.83,6.42,0
31,42.2,13.39,10.31,0
31,42.2,13.83,9.3,0
31,42.2,14.83,7.27,0
31,42.2,14.5,6.01,0
31,42.2,1.69,5.36,1
31,42.2,9.66,12.36,0
31,42.2,0.41,10.54,0
31,42.2,18,7.4,0
31,42.2,0.74,13.48,0
31,42.2,16.51,11.95,0
31,42.2,9.52,5.96,0
31,42.2,14.7,10.13,0
31,42.2,1.64,11.3,0
31,42.2,1.84,11.71,0
31,42.2,12.57,9.55,0
31,42.2,11.91,12.47,0
31,42.2,11.59,9.05,0
32,2.8,4.48,14.23,0
32,2.8,8.74,12.92,0
32,2.8,1.09,13.7,0
32,2.8,10.77,9.18,0
32,2.8,8.17,6.03,0
32,2.8,12.13,11.89,0
32,2.8,5.29,5.45,0
32,2.8,8.06,14.96,0
32,2.8,14.44,11.36,0
32,2.8,10.61,7.28,0
32,2.8,11.55,5.48,0
32,2.8,15.85,13.04,0
32,2.8,15.13,7.38,0
32,2.8,9.17,8.68,0
32,2.8,16.02,12.19,0
32,2.8,7.14,8.09,0
32,2.8,18.49,10.08,0
32,2.8,18.28,13.44,0
32,2.8,19.2,14.52,0
32,2.8,14.23,9.01,0
33,16.2,8.99,7.6,0
33,16.2,0.76,7.39,0
33,16.2,4.27,9.71,0
33,16.2,6.28,12.13,0
33,16.2,17.62,13.45,0
33,16.2,9.7,9.01,0
33,16.2,5.24,12.11,0
33,16.2,0.27,11.78,0
33,16.2,11.13,7.49,0
33,16.2,14.6,10.45,0
33,16.2,19,8.35,0
33,16.2,15.85,9.54,0
33,16.2,7.8,6.06,0
33,16.2,12.06,8.24,0
33,16.2,7.2,14.84,0
33,16.2,0.19,12.44,0
33,16.2,15.23,7.32,0
33,16.2,14.57,5.5,0
33,16.2,5.51,6.46,0
33,16.2,16.03,13.98,0
34,43.2,5.08,9.07,1
34,43.2,8.07,9.33,1
34,43.2,14.53,5.48,1
34,43.2,8.72,13.37,1
34,43.2,12.18,11.51,1
34,43.2,1.05,7.52,0
34,43.2,17.7,6.67,1
34,43.2,7.45,10.38,1
34,43.2,2.13,5.12,1
34,43.2,3.62,7.37,1
34,43.2,5.53,7.59,1
34,43.2,1.98,8.24,1
34,43.2,9.9,13.87,0
34,43.2,10.97,10.14,1
34,43.2,8.78,7.95,1
34,43.2,8.01,7.99,1
34,43.2,14.48,6.27,1
34,43.2,17.64,5.35,1
34,43.2,8.06,14.4,1
34,43.2,10.73,9.32,1
35,3.7,9.68,6.25,0
35,3.7,8.53,14.57,0
35,3.7,4.37,13.85,0
35,3.7,17.21,6.68,0
35,3.7,2.04,7.12,0
35,3.7,12.2,14.88,0
35,3.7,2.76,5.93,0
35,3.7,16.87,10.83,0
35,3.7,0.76,11.4,0
35,3.7,12.11,5.49,0
35,3.7,8.4,10.37,0
35,3.7,5.49,12.97,0
35,3.7,15.34,5.34,0
35,3.7,7.45,6.32,0
35,3.7,17.14,8.07,0
35,3.7,7.97,10.89,0
35,3.7,13.09,12.53,0
35,3.7,14.68,5.83,0
35,3.7,12.81,8.25,0
35,3.7,15.07,7.11,0
36,47.5,19.9,13.06,0
36,47.5,2.45,8.67,0
36,47.5,19.7,14.17,0
36,47.5,8,6.69,0
36,47.5,14.33,6.64,0
36,47.5,17.9,11.77,0
36,47.5,7.82,10.62,0
36,47.5,6.77,9.77,0
36,47.5,7.07,8.27,0
36,47.5,2.68,12.38,0
36,47.5,10.16,10.5,0
36,47.5,3.47,8.66,0
36,47.5,8.09,8.34,0
36,47.5,5.94,11.23,0
36,47.5,17.69,10.19,0
36,47.5,8.05,15,0
36,47.5,6.4,9.06,0
36,47.5,7.92,7.5,0
36,47.5,8.67,11.74,0
36,47.5,7.36,9.96,0
37,74.5,10.1,14.18,0
37,74.5,13.13,13.01,0
37,74.5,17.74,6.34,1
37,74.5,13.03,8.8,0
37,74.5,4.57,13.32,0
37,74.5,0.2,14.18,0
37,74.5,9.29,12.31,0
37,74.5,13.61,5.61,1
37,74.5,10.14,14.98,0
37,74.5,3.92,13.93,0
37,74.5,7.29,5.05,1
37,74.5,15.01,14.49,0
37,74.5,18.34,5.54,1
37,74.5,7.69,9.18,0
37,74.5,1.81,7,0
37,74.5,14.17,11.42,0
37,74.5,12.2,13.98,0
37,74.5,9.79,11.15,0
37,74.5,5.64,6.53,1
37,74.5,4.92,13.43,0
38,8.3,18.65,6.53,0
38,8.3,16.25,8.21,0
38,8.3,8.38,7.76,0
38,8.3,7.75,13.35,0
38,8.3,4.99,13.22,0
38,8.3,18.14,9.75,0
38,8.3,16.48,8.86,0
38,8.3,1.56,7.16,0
38,8.3,2.24,10.74,0
38,8.3,4.32,9.03,0
38,8.3,19.33,9.62,0
38,8.3,3.32,11.38,0
38,8.3,4.2,11.67,0
38,8.3,4.07,6.5,0
38,8.3,5.22,10.26,0
38,8.3,0.97,7.65,0
38,8.3,2.54,13.65,0
38,8.3,8.84,8.03,0
38,8.3,13.28,7.82,0
38,8.3,5.92,5.37,0
39,65.8,15.59,13.01,0
39,65.8,11.11,7.28,0
39,65.8,6.76,8.33,0
39,65.8,15.8,6.79,0
39,65.8,4.24,13,0
39,65.8,9.15,7.13,0
39,65.8,0.41,9.44,0
39,65.8,19.34,13.06,0
39,65.8,11.28,10.19,0
39,65.8,6.6,5.45,0
39,65.8,9.38,7.37,0
39,65.8,10.72,9.39,0
39,65.8,6.8,6.08,0
39,65.8,8.3,14.55,0
39,65.8,2.89,11.9,0
39,65.8,11.92,12.77,0
39,65.8,2,14.82,0
39,65.8,15.04,5.61,0
39,65.8,17.53,8.21,0
39,65.8,8.34,13.02,0
40,10.5,19.42,7.31,1
40,10.5,16.23,7.08,1
40,10.5,10.77,6.62,0
40,10.5,8.42,14.09,0
40,10.5,15.46,11.17,0
40,10.5,5.56,12.52,0
40,10.5,0.26,11.35,0
40,10.5,10.98,10.6,0
40,10.5,16.75,10.97,0
40,10.5,7.66,6.44,0
40,10.5,14.21,10.63,0
40,10.5,14.96,9.62,1
40,10.5,10.86,8.76,0
40,10.5,5.11,14.66,0
40,10.5,14.25,6.78,1
40,10.5,11.37,5,0
40,10.5,3.98,5.63,0
40,10.5,17.77,12.51,0
40,10.5,15.38,9.93,0
40,10.5,10.23,7.39,0
41,25.9,7.17,8.77,0
41,25.9,5.8,13.11,0
41,25.9,18.84,8.47,0
41,25.9,15.6,12.1,0
41,25.9,12.83,6.07,0
41,25.9,17.82,9.06,0
41,25.9,7.28,5.17,0
41,25.9,8.81,7.6,0
41,25.9,15.27,10.8,0
41,25.9,19.75,5.99,0
41,25.9,10.92,9.06,0
41,25.9,19.87,13.18,0
41,25.9,4.15,9.24,0
41,25.9,4.97,11.46,0
41,25.9,19.24,13.25,0
41,25.9,13.61,6.24,0
41,25.9,18.08,9.17,0
41,25.9,14.19,11.17,0
41,25.9,16.56,5.89,0
41,25.9,14.69,5.13,0
42,51.4,7.17,6.22,0
42,51.4,7.01,10.5,0
42,51.4,2.39,10.76,0
42,51.4,0.69,5.81,0
42,51.4,12.25,6.59,0
42,51.4,12.47,12.86,0
42,51.4,18.38,11.23,0
42,51.4,17.25,9.22,0
42,51.4,13.26,11.89,0
42,51.4,0.67,9.71,0
42,51.4,15.82,10.68,0
42,51.4,7.37,5.13,0
42,51.4,15,9.18,0
42,51.4,3.02,5.12,0
42,51.4,14.59,9.02,0
42,51.4,17.05,13.17,0
42,51.4,11.03,5.38,0
42,51.4,12.41,11.16,0
42,51.4,3.47,11.69,0
42,51.4,19.55,8.54,0
43,36,17.76,7.26,1
43,36,10.89,7.78,1
43,36,12.07,7.59,1
43,36,9.89,9.05,0
43,36,9.97,7.98,1
43,36,4.89,7.29,1
43,36,19.77,10.97,1
43,36,6.02,10.55,0
43,36,14.75,11.74,1
43,36,6.89,7.95,1
43,36,18.78,6.61,1
43,36,3.17,7.91,0
43,36,11.7,13.6,0
43,36,6.81,9.93,0
43,36,13.15,12.8,1
43,36,4,5.18,1
43,36,5.96,9.08,0
43,36,7.52,6.94,1
43,36,14.65,13.12,0
43,36,18.26,5.28,1
44,55.1,12.51,10.08,0
44,55.1,16.67,8.12,1
44,55.1,16.4,8.01,1
44,55.1,9.1,13.8,0
44,55.1,15.29,7.08,1
44,55.1,12.81,14.39,0
44,55.1,11.5,9.14,0
44,55.1,15.07,10.72,0
44,55.1,8.78,12.56,0
44,55.1,0.97,6.91,0
44,55.1,14.46,7.86,0
44,55.1,14.85,7.45,0
44,55.1,10.5,11.32,0
44,55.1,0.67,11.81,0
44,55.1,18.78,9.91,0
44,55.1,9.55,13.02,0
44,55.1,5.73,13.6,0
44,55.1,1.88,7,0
44,55.1,2.14,6.83,0
44,55.1,6.03,6.56,0
45,39.6,7.86,13.35,0
45,39.6,11.52,6.25,0
45,39.6,15.76,12.12,0
45,39.6,13.54,14.71,0
45,39.6,0.45,8.88,0
45,39.6,3.41,7.11,0
45,39.6,1.31,5.6,0
45,39.6,7.52,5.62,0
45,39.6,10.18,11.98,0
45,39.6,19.76,6.52,0
45,39.6,6.88,8.23,0
45,39.6,15.1,11.11,0
45,39.6,6.79,6.83,0
45,39.6,19.74,9.89,0
45,39.6,1.54,10.09,0
45,39.6,17.04,11.17,0
45,39.6,3.49,7.67,0
45,39.6,18.17,5.32,0
45,39.6,16.22,14.1,0
45,39.6,0.59,10.51,0
46,23.3,13.8,11.62,0
46,23.3,12.83,10.3,0
46,23.3,8.76,14.67,0
46,23.3,7.99,10.77,0
46,23.3,3.91,11.88,0
46,23.3,19.79,14.01,0
46,23.3,6.44,12.44,0
46,23.3,16.26,10.72,0
46,23.3,19.2,13.2,0
46,23.3,0.22,7.49,0
46,23.3,6.66,12.84,0
46,23.3,16.29,13.23,0
46,23.3,6.64,10.87,0
46,23.3,15.42,12.69,0
46,23.3,5.27,12.11,0
46,23.3,3.33,10.42,0
46,23.3,8.91,9.49,0
46,23.3,7.78,14.29,0
46,23.3,11.47,8.37,0
46,23.3,9.89,14.78,0
47,38.8,4.12,5.51,0
47,38.8,0.71,11.52,0
47,38.8,3.11,14.41,0
47,38.8,6.2,11.3,0
47,38.8,8.62,7.9,0
47,38.8,6.6,13.52,0
47,38.8,10.25,13.36,0
47,38.8,0.67,5.05,0
47,38.8,14.58,5.3,0
47,38.8,14.01,8.5,0
47,38.8,6.6,10.84,0
47,38.8,2.92,8.85,0
47,38.8,9.2,11.63,0
47,38.8,0.5,7.95,0
47,38.8,13.34,11.28,0
47,38.8,5.02,10.47,0
47,38.8,9.73,9.34,0
47,38.8,15.85,11.34,0
47,38.8,17.61,9.86,0
47,38.8,17.05,14.77,0
48,72,10.43,5.52,1
48,72,10.12,5,1
48,72,15.86,11.07,0
48,72,9.64,9.14,0
48,72,17.96,7.38,0
48,72,17.35,12.37,0
48,72,0.47,7.81,0
48,72,3.79,5.88,0
48,72,4.49,10.67,0
48,72,1.91,10.17,0
48,72,4.57,13.32,0
48,72,14.43,5.2,0
48,72,11.15,8.35,0
48,72,3.8,5.19,0
48,72,8.52,13.44,0
48,72,6.36,11.23,0
48,72,12.44,11.73,0
48,72,19.17,7.26,1
48,72,5.64,9.96,0
48,72,12.6,15,0
49,8.2,11.19,9.09,0
49,8.2,0.53,8.14,0
49,8.2,3.18,5.2,0
49,8.2,2.56,9.77,0
49,8.2,1.04,8.04,0
49,8.2,8.53,13.73,0
49,8.2,6.5,5.21,0
49,8.2,7.23,12.71,0
49,8.2,6.24,8.94,0
49,8.2,2.69,10.4,0
49,8.2,0.81,8.76,0
49,8.2,5.71,8.73,0
49,8.2,14.63,14.76,0
49,8.2,9.56,11.58,0
49,8.2,16.24,7.21,0
49,8.2,18.34,11.07,0
49,8.2,1.13,12.04,0
49,8.2,4.76,9.92,0
49,8.2,7.69,10.09,0
49,8.2,3.2,7.67,0
50,57.9,13.97,12.55,0
50,57.9,19.06,7.81,0
50,57.9,18.28,5.35,0
50,57.9,8.69,12.87,0
50,57.9,10.74,10.08,0
50,57.9,17.32,6.48,0
50,57.9,9.45,6.65,0
50,57.9,7.33,11.78,0
50,57.9,11.51,6.55,0
50,57.9,18.46,8.67,0
50,57.9,5.89,10.32,0
50,57.9,9.56,12.36,0
50,57.9,9.49,5.49,0
50,57.9,1.6,12.68,0
50,57.9,6.47,10.23,0
50,57.9,14.56,11.6,0
50,57.9,4.86,14.48,0
50,57.9,7.7,13.89,0
50,57.9,0.78,8.96,0
50,57.9,12.46,5.63,0
51,44.5,18.89,14.91,0
51,44.5,4.98,5.52,0
51,44.5,3.27,8.34,0
51,44.5,15.13,5.16,0
51,44.5,5.26,14.31,0
51,44.5,4.27,13.45,0
51,44.5,2.06,9.04,0
51,44.5,13.59,9.8,0
51,44.5,7.49,9.98,0
51,44.5,16.48,6.39,0
51,44.5,19.57,14.07,0
51,44.5,1.48,10.79,0
51,44.5,15.81,6.01,0
51,44.5,2.18,8.74,0
51,44.5,11.89,12.68,0
51,44.5,11.14,7.96,0
51,44.5,13.54,10.96,0
51,44.5,6.23,12.86,0
51,44.5,3.28,12.62,0
51,44.5,5.14,10.97,0
52,46.2,18.4,11.04,0
52,46.2,6.88,6.39,0
52,46.2,18.43,7.25,0
52,46.2,0.85,7.07,0
52,46.2,13.89,6.01,0
52,46.2,16.19,8.74,0
52,46.2,16.54,7.97,0
52,46.2,9.01,6.9,0
52,46.2,0.68,12.29,0
52,46.2,14.05,11.06,0
52,46.2,10.75,7.58,0
52,46.2,2.16,10.98,0
52,46.2,14.64,8.31,0
52,46.2,17.96,13.24,0
52,46.2,0.17,7.62,0
52,46.2,5.7,14.29,0
52,46.2,0.81,12.39,0
52,46.2,7.43,14.28,0
52,46.2,2.83,5.04,0
52,46.2,12.19,14.01,0
53,45.6,5.24,8.89,0
53,45.6,2.6,6.78,0
53,45.6,16.39,14.81,0
53,45.6,8.33,10.65,0
53,45.6,19.18,5.63,0
53,45.6,12.96,9.96,0
53,45.6,11.08,7.28,0
53,45.6,14.02,7.13,0
53,45.6,14.8,9.31,0
53,45.6,11.88,10.81,0
53,45.6,4.72,6.99,0
53,45.6,6,6.69,0
53,45.6,12.36,7.49,0
53,45.6,9.6,13.72,0
53,45.6,2.17,10.57,0
53,45.6,2.91,7.21,0
53,45.6,19.64,6.34,0
53,45.6,19.1,13.53,0
53,45.6,19.32,10.22,0
53,45.6,2.5,13.94,0
54,25.5,4.59,11.07,0
54,25.5,1.14,8.57,0
54,25.5,13.98,9.68,0
54,25.5,7.81,10.8,0
54,25.5,11.88,8.22,1
54,25.5,11.15,12.68,0
54,25.5,14.99,12.63,0
54,25.5,0.56,14.76,0
54,25.5,19.77,12.26,0
54,25.5,7.89,7.27,0
54,25.5,9.76,14.3,0
54,25.5,18.83,6.06,0
54,25.5,1.42,5.44,0
54,25.5,8.42,10.12,0
54,25.5,8.14,6.01,0
54,25.5,17.59,11.68,0
54,25.5,4.53,14.53,0
54,25.5,15.59,8.58,0
54,25.5,4.96,10.52,0
54,25.5,16.24,6.26,0
55,62.5,0.12,11.59,0
55,62.5,4.72,5.59,1
55,62.5,12.9,10.09,1
55,62.5,3.46,7.02,0
55,62.5,17.49,6.76,1
55,62.5,16.08,8.69,1
55,62.5,4.34,10.82,0
55,62.5,19.59,12,1
55,62.5,18.61,8.63,1
55,62.5,15.37,5.09,1
55,62.5,5.08,7.95,1
55,62.5,15.28,13.25,0
55,62.5,10.81,10.79,0
55,62.5,13.13,14.7,1
55,62.5,10.63,10.75,0
55,62.5,17.62,6.55,1
55,62.5,5.86,14.86,0
55,62.5,9.98,10.03,1
55,62.5,5.15,10.91,0
55,62.5,10.82,12.53,0
56,59.2,5.05,10.96,0
56,59.2,11.83,5.67,1
56,59.2,13.12,11.4,0
56,59.2,7.51,13.18,0
56,59.2,13.25,13.12,0
56,59.2,9.06,7.05,0
56,59.2,6.73,12.9,0
56,59.2,10.51,13.88,0
56,59.2,6.44,10.56,0
56,59.2,2.95,11.14,0
56,59.2,7.13,6.68,0
56,59.2,12.38,9.8,0
56,59.2,18.15,9.66,1
56,59.2,1.07,10.51,0
56,59.2,2.47,5.78,0
56,59.2,13.38,10.57,0
56,59.2,6.93,11.27,0
56,59.2,0.59,6.61,0
56,59.2,9.29,6.23,1
56,59.2,19.53,7.78,1
