"WaterYear","Month","T0","T1","T3","T5"
1,10,25566.3936483453,23217.2497376998,22304.0460370047,22046.5728020296
1,11,12234.1618106686,11669.6410762279,11212.2023719006,11285.8945748169
1,12,9667.67970135087,9897.13649486595,8978.20937820376,10476.9316548699
1,1,11264.6222403437,11026.0717515308,8092.99561690537,11329.1572770298
1,2,16571.5186258132,15714.9887820519,15750.9023368158,13551.8674185378
1,3,15610.3320693857,15032.7931701715,14178.9016884163,14509.1909658634
1,4,44596.7000970963,24495.9406318848,16045.1477606714,15210.1795246303
1,5,40380.2676488043,23483.1233683425,19103.8174371245,20291.539310872
1,6,19719.922725522,17202.2700392745,9051.06187720038,9184.54904413091
1,7,11862.5748856003,10464.289444059,7620.33698479721,7146.16381748586
1,8,17275.8610969761,16931.2001145848,14269.7951424127,12318.3556566914
1,9,13150.0815809718,11920.7574580733,10640.1600683136,9704.10116899671
2,10,26274.1090933971,23681.5973643703,22435.6049793091,21558.5034303228
2,11,11562.953265694,12028.8355260935,12141.4795040009,9727.58912679923
2,12,10719.9148269974,11533.7656164405,12198.4864667944,8743.2338404558
2,1,11070.7370603433,11300.6094694868,11198.7940110406,6905.06259342932
2,2,17295.1237195094,17920.9287559289,11144.5950047138,7033.89425727066
2,3,16703.0446349311,16769.8393354498,15696.963370954,12978.6048612297
2,4,45158.6240024647,25181.4951082307,16935.1308576594,17207.5542383503
2,5,39410.6741874049,24225.4626199163,20080.9507805447,11112.6619085287
2,6,23055.6621011401,25207.5451904775,9564.99413759741,4410.13775295611
2,7,11312.3912706012,10617.3836907874,7143.55494347363,3816.88622530475
2,8,15222.2485441774,14616.6893692822,12645.4271257251,3819.78504474868
2,9,11893.0170441185,10606.4507753358,9545.3140709031,4810.06254471854
3,10,27759.9821038486,27312.9687482494,22844.2284348875,18948.2149247556
3,11,14472.467609328,14288.5162505194,11251.2250533356,8765.17693403775
3,12,14602.7411297798,14522.0514779436,14062.172284356,9147.92410263542
3,1,20019.9788825989,19855.2467142843,19300.1280885307,17258.782043827
3,2,16904.5841789058,16464.1585472293,16330.8043439278,15162.7651666375
3,3,15119.047006892,14883.9250201008,14689.2493707638,12824.9901630581
3,4,44926.0739115446,43750.9565941876,15196.074446191,15889.8264759251
3,5,41968.3245327276,41339.3869919873,20870.56820432,20908.8072104002
3,6,17616.1258513388,22071.2707458613,9218.22653222985,8673.53587081211
3,7,14173.8301477537,11670.6467530449,7530.39843514942,6123.24405289346
3,8,17928.2596972826,15917.120031446,13887.5866381895,11350.4400578172
3,9,13256.1135731445,12507.596183293,10312.7610930476,8497.76916969479
4,10,26522.3636298736,26856.1481782143,26477.4873273514,22846.2128399219
4,11,11905.9015947544,11853.082659103,11667.3291053341,10303.8804025646
4,12,15551.427644584,15313.8595340329,15076.4031709888,14159.8562713493
4,1,12925.0751988189,12300.2003413896,11685.8355000341,10324.6896177239
4,2,21166.0888954566,20284.6181437936,16742.7118693756,18245.5072573801
4,3,51006.3400871664,18490.3427607252,17102.46192956,16744.5142423292
4,4,50311.3917281494,47335.190624555,46281.6584226473,26089.4912840203
4,5,52397.8841948863,44668.6285578221,42709.5981119758,21561.2677369836
4,6,37032.5113858071,24213.2033074021,22559.0126567803,9756.0384839329
4,7,20595.6922045716,18660.4779222858,16473.5165729188,7417.78146099079
4,8,19559.0038048473,19811.8169034022,18813.2895568259,7169.44817702908
4,9,15123.5699854195,13870.1883465469,12715.8742162249,8078.20200542113
5,10,28352.0454496215,27018.4442100934,26918.439174633,20324.6733652313
5,11,14813.3237014738,14531.1819929092,13833.9841710666,11979.7397161004
5,12,17241.8429685869,17079.3884073347,17047.9200896458,14876.6769829962
5,1,17236.5363892192,17551.190844876,17299.1024639397,16101.4075261344
5,2,14817.1609093946,14825.7907022476,13903.8629149099,12482.1804951691
5,3,16277.1408022455,11180.4445723532,9737.22777550748,8383.13700940952
5,4,50860.993243374,49414.8021965439,48733.104913505,29158.3350746116
5,5,44166.0496864319,43392.3371711084,41154.135419122,21250.7059647942
5,6,22330.2108274395,18604.4192609323,16679.3600616967,9115.94412894498
5,7,17521.0596316843,12339.3277258132,10181.4012791007,6655.5492620509
5,8,18776.6576425037,11179.9050136787,9220.57883811227,6349.80804397166
5,9,15083.5924518236,12647.584535377,10637.0353115977,7813.00275099124
6,10,24634.1431077557,23004.981367364,19776.6634184527,18215.428988847
6,11,11727.862746368,11243.396119624,9326.24137774558,8384.94127821635
6,12,9997.72224875475,9240.63154432933,7570.79152881506,6359.66995213547
6,1,10801.8649348618,9720.40719012814,8123.75073586135,6951.40057268248
6,2,9431.10041240031,9755.9037285839,7588.21949809681,6056.66870734235
6,3,8869.91767269487,8323.5847459717,6908.53644994332,4753.98972628356
6,4,12335.3080269953,11465.8767795836,10280.983591644,8561.69060780376
6,5,11190.2453768,10093.484136303,8727.2903646931,7037.74857997754
6,6,5336.02851430201,4220.45557954053,3287.76791428497,2015.98110343122
6,7,4848.67892354143,3687.63333274122,2729.09974099799,1553.81399047777
6,8,4837.03994819944,3528.43630101342,2280.92445643299,1561.99945519624
6,9,5895.71672942432,4421.6397456898,2960.44199563803,1456.46772981781
7,10,23019.4238308967,21698.5205877283,15538.4014430498,13473.7452436898
7,11,9805.98103635819,8866.93315552294,6913.6466007327,5706.75801261915
7,12,8757.16688119514,7834.59235667683,6570.48672280308,5216.39256433667
7,1,7458.31082816804,6634.8032611104,5318.95723954253,4088.28884458705
7,2,10450.654507146,9978.46510973556,9594.70327593694,10926.6168524497
7,3,9668.12584990475,9865.52785313674,10980.2703127593,9397.06494014685
7,4,45656.5123236598,44904.0098377003,18191.7226468048,16815.6459605522
7,5,41775.1584051762,40140.4851633331,17029.7379594008,11123.4908934917
7,6,17142.9576964037,15282.9250824115,7642.91528076979,3410.63348973366
7,7,10075.923618244,8688.86864721498,5542.42506685007,2638.41414565884
7,8,8956.75570858352,7851.9783786349,9729.73500937781,2781.38649462321
7,9,10219.2415820686,9204.90566449298,7983.89046458121,4055.86586994766
8,10,21025.3167036555,19895.4162729476,17745.351938804,14756.908725801
8,11,9780.78730049024,8955.71691307459,8111.98794779764,5750.57150515329
8,12,8128.17387542043,7321.99007225519,6745.43834387172,4686.15319977151
8,1,8429.19647957953,7663.46254688829,6965.51068912513,5064.95112788835
8,2,14141.1908184694,12798.378708735,9715.54589866758,6927.13985493705
8,3,8360.71795939517,7725.91413122918,6977.71405724783,2685.90760603599
8,4,25803.5063821665,25420.9146761962,18135.2151745443,15868.5673250273
8,5,18507.0778902532,17743.6537207221,9846.65798495621,7651.70932095819
8,6,6585.58963489078,5709.92099939573,2776.38409761482,1621.35395253178
8,7,4307.92246659676,3560.79477259079,1963.24962187382,1468.92579459818
8,8,4021.4896940673,3209.90415303548,1868.73903494463,1302.39330726291
8,9,5242.52992805568,4293.70216362306,2732.17797951273,1266.33285294703
9,10,20606.1441861504,19649.3087191978,14849.4669468017,10565.78265574
9,11,11722.5393121572,11054.1721165421,9629.15589766369,7968.09457627773
9,12,6060.1501398505,5358.23361529461,4270.8728490019,2875.39696207451
9,1,7223.11378168087,6512.9819350058,5205.05568601207,3376.72115106544
9,2,16199.2129492131,13926.3602403291,13421.743689207,12982.2669132749
9,3,12820.664670017,11172.5521887978,10887.5319645047,10028.8666169163
9,4,44888.0481218875,44057.9640740413,24350.3286157664,15665.8917834922
9,5,39801.0010204262,38615.9121463199,18258.6129709374,9103.76101369578
9,6,17275.8124005002,14640.5306836076,6513.88417727526,2625.84329955816
9,7,9708.20422765783,7900.71586763605,4230.72926181721,1775.9618094203
9,8,8792.94542620818,7088.66118325639,4087.78677790843,1860.5682888952
9,9,9898.85381735927,8366.74285581765,5460.20801211299,2810.11143945704
10,10,26039.290347696,23795.7760742184,17527.7200130583,15761.9022588909
10,11,11528.4883001395,9701.30533134654,7590.96357160878,5781.45256044646
10,12,8775.36446282102,7361.07474049311,6009.11763888802,4315.77233752955
10,1,8045.20498767402,6702.12880349372,4912.68323107412,3315.81547813978
10,2,12135.2106373391,11605.5707081001,6605.20262616209,5316.26143001289
10,3,15100.359377258,14086.3699751574,11519.6419465944,9221.40054474205
10,4,44607.5714796922,43982.1423547065,17818.8200584367,16028.4650486781
10,5,37828.6435678701,36879.2065425326,10529.2265876419,8517.76357918662
10,6,14372.0875009099,12635.287491727,3823.84569497655,2156.34459281114
10,7,7533.76975113798,6239.69898522171,3244.36762280022,1440.36723951844
10,8,6442.178767073,5225.68173717951,3354.85812921883,1400.49054726579
10,9,7524.05987692263,6335.70483550107,4325.05264442017,2070.5030564683
11,10,18291.5315911935,15721.0261554533,15158.4417727458,12716.3310669215
11,11,9094.92061651315,7929.10024617159,7883.33842369517,6237.21889102525
11,12,6715.86982812905,5751.66349323001,5357.876539974,3735.85612699321
11,1,6729.04895855479,5667.30727130772,5199.35724634439,3475.89325890386
11,2,6424.77811667866,5323.7742510367,4805.67977256703,3211.2622852872
11,3,5612.47167748863,4197.01117097522,3700.18191328772,2128.33361033301
11,4,18768.6707450354,9497.78648332091,8487.31959588477,6440.05222540468
11,5,16284.2698822877,8174.64580754818,6858.98393675612,4899.13996773683
11,6,6469.60155959921,3452.65908399905,2786.74000040027,1644.54855594238
11,7,3836.77866350877,2326.02792037311,1802.14022524225,1261.90552155649
11,8,3211.8308410363,2241.71169082848,1430.94071954411,1280.40825213344
11,9,4196.3135676417,3074.27405983437,1500.15565089702,1244.60328522974
12,10,16117.7901221524,13833.6076907851,12071.792064793,7476.12475640231
12,11,5773.18717367213,4859.75421289805,3892.31630589256,2404.9782315193
12,12,4455.16028996369,3797.09145881836,2830.85358084755,1255.4941541013
12,1,7552.68868376593,6595.3118780448,5166.67857822792,3075.63120710964
12,2,6470.58769270882,5609.88805817595,4485.33377135829,2750.34391902062
12,3,11165.4770102513,6022.13431018687,3936.62572117779,2169.12390942679
12,4,22269.1931542511,13059.5409559271,10147.1756247854,7445.08611156988
12,5,24569.7413556053,20820.7566379696,9289.66156025216,6948.10191804735
12,6,29364.2212129572,12032.5467691138,3399.75696718253,1500.56635708908
12,7,9453.92267501276,5588.89614439998,3146.10607249941,1261.52095586296
12,8,12639.9338178088,10507.3047932159,3672.95521793549,1281.19517661336
12,9,8409.41403878501,7351.73806233365,4964.17085393054,1974.6887051132
13,10,17756.2459116978,20486.6119922536,15744.6572622442,12775.5132620328
13,11,8292.58492425865,10007.5527069149,6810.74794840014,4419.50764630564
13,12,5341.36184731562,9355.46337171524,3804.27080783628,1976.49005696037
13,1,8232.3160106957,11540.0011155614,6681.00134643767,4443.02459417309
13,2,7192.01290623711,6810.44468677483,4832.22018366511,2868.15991636065
13,3,5462.77432772202,5406.99272499524,2256.25857868103,1008.91142496428
13,4,9892.13980499866,9524.40271164653,6948.43785779101,4374.27628189631
13,5,8678.96317072742,8050.20608601503,6574.23973390133,4442.44607077101
13,6,3010.40163000387,3122.92159900443,1541.5011470537,1554.796233685
13,7,2294.08295393381,2449.04678830761,1526.22399493155,1544.12422571027
13,8,2114.7023300886,2427.42468157687,1253.57321044748,1246.83760223412
13,9,3140.50822062178,2626.53076097175,1261.87714107685,1258.55743026205
14,10,18724.9436582488,18017.4106789284,16189.9105681247,6265.95534358245
14,11,7538.42567589784,6962.55180947141,5731.26929042227,2996.60073052823
14,12,9983.77352717443,9534.49872547794,8355.92708609848,6250.35829682628
14,1,7162.78237098297,6554.91287417567,5235.15832764067,3957.52345446193
14,2,11078.7567668628,11686.3900738667,13715.6757477993,14653.3522693436
14,3,8847.36589822173,7990.16978966987,8938.94106463609,8798.62686727607
14,4,41783.36372475,40963.4887062046,40048.2208997756,10686.8330898621
14,5,38698.6374556151,37366.5440566413,36088.8686478001,19881.6540102801
14,6,30852.2669207073,28368.569284313,12202.8484470585,15166.5495814359
14,7,19327.7610028026,10267.1293714688,6088.14942950618,3909.61691807311
14,8,18363.5607885839,14816.4859568056,5399.61526814882,7524.51165963388
14,9,10657.5335174907,9730.44159121668,6653.63070247494,4352.82184743661
15,10,21607.1348514009,22424.7805233727,15861.4663274542,18484.9149374605
15,11,10654.1123101974,11062.9589283329,5629.3832010205,4693.61888788224
15,12,10978.2670353151,11266.9762653233,4623.48444078159,6552.00867177823
15,1,10562.3124246492,10071.810277629,7355.45830581248,10871.7878207213
15,2,23274.7645157519,16801.367506609,4488.05546209768,24941.2593650703
15,3,9540.3407043043,7589.1240466222,3732.25760865301,6094.21440576476
15,4,18783.5528774676,17545.1528300935,8450.28628570471,6826.31056162926
15,5,18611.1853624331,17603.6644353103,9036.59044202735,6443.18180309235
15,6,7860.2309060121,6695.59840364121,3028.04948456877,1732.83221792378
15,7,5966.16516212238,4595.20350154934,2406.14365615119,1832.31190703667
15,8,5955.22333482814,4477.35305617365,2523.90864402787,1256.17832241063
15,9,7412.49119057761,5933.55232493389,3731.35918610699,1203.34513805204
16,10,18091.0425705044,16555.1416297604,14663.9788407182,10785.0793414785
16,11,7678.60677559094,6412.64676986583,4915.86222322682,2435.31448623746
16,12,9174.95219831688,8102.03695032858,6823.31655070976,4522.15122907177
16,1,6737.8407954718,5641.68682439427,4180.64286330936,2103.27199339422
16,2,8998.28534341451,7945.67950355261,6543.3738260485,4364.83430905187
16,3,4140.66263333611,3211.00849869838,1730.85076892469,970.09391346839
16,4,10227.8832100403,8002.83975935298,5980.7129484167,2875.32455858792
16,5,8959.6508678964,7649.37377369324,5875.17997975892,3151.22931394516
16,6,3205.92363257287,2241.72350421561,1346.16195686726,1339.75206545592
16,7,2421.79886826235,1580.75329045952,1282.68506314546,1258.4237674255
16,8,2283.72755766435,1476.91270336243,1253.39650606228,1214.56308160435
16,9,3256.4614240652,2397.98598806007,1263.11245912614,1177.5310281022
17,10,19704.1135717562,18123.0740614221,15147.6350465926,8340.30450377913
17,11,8004.22202790314,7147.97360526845,5607.67809450232,3268.10768011657
17,12,5174.42145867914,4453.40017193842,3171.49012017601,1582.19850527835
17,1,8676.4161537232,7737.0942849931,6080.24261910159,3644.52876913522
17,2,6364.80028180839,5279.81716431585,3774.7885180639,2389.02885984389
17,3,45599.8246022474,31225.1442241321,13285.1344606686,13403.8954029718
17,4,51440.4541467083,52595.1927275131,49163.8364411428,48195.1282148664
17,5,47175.8879385031,38896.1013552799,38323.0661980694,35963.3584696573
17,6,33125.0922975226,25100.041111707,17186.9774851561,23640.2654193679
17,7,13590.6795789322,9728.16282469912,7166.23114555364,6031.352864497
17,8,16393.5797833135,15188.5769818605,13231.1464500092,8302.25833978702
17,9,11377.8268326044,9724.90975062486,8246.0302360586,5393.76141415013
18,10,25033.7956508282,25204.3333113344,24992.3567602262,17675.6448328895
18,11,10572.7865511344,11460.8473153239,11300.3154465051,4896.82313382352
18,12,10868.8336636774,10971.2015497038,11471.5179157555,3243.80388147747
18,1,10158.9808020321,10357.4414108748,12801.6565225809,8805.63801057825
18,2,25645.887553154,26054.2796922566,26279.8404780874,25705.1973020179
18,3,47368.3750643984,16231.4673162953,16088.8688784358,14417.7179403594
18,4,48264.2367005383,45463.3651224359,43807.2122396063,22949.4381039231
18,5,48715.9006075184,39741.3332534833,38219.4740506061,21805.4306081337
18,6,33164.596147435,38587.9135142271,21727.7001336511,29761.6331201783
18,7,13501.6663067303,12396.383388259,8926.98780575627,7755.57544265265
18,8,17048.8437713385,15723.8297308804,14141.4446745801,9553.9402284108
18,9,12883.6385743212,10824.8415178296,9540.63596907376,5781.59319169701
19,10,25510.288188883,25783.0653584425,25319.2446321406,24277.3473452642
19,11,10589.3150159388,11258.5020643813,10972.4286005556,6546.59944568162
19,12,10175.1817092504,11084.3500348135,11521.363863622,11077.0930259506
19,1,10379.1490975736,11839.7939683246,12091.0525324927,12110.8953943699
19,2,19142.5607337828,19032.0639033259,18085.5166074768,17689.1957155203
19,3,53173.6580084585,53156.3170409887,21595.1111566263,21434.1956857415
19,4,49337.891317896,48871.8855001521,46331.165300426,44256.0596055046
19,5,50477.6476726385,49927.1539971104,39360.4742986539,37687.4667767043
19,6,35083.3654676104,34216.9123408197,38956.7143731599,25270.3770516883
19,7,15716.9436397588,14122.2913953206,12433.9835150769,8893.23612978707
19,8,17581.9202479906,16818.330083135,15366.7363688616,11054.6591588119
19,9,13436.8757244835,13044.4766536277,10493.1963915149,8121.75527749661
20,10,26174.3918991241,26544.7608470477,25975.5471280979,24903.046308588
20,11,11021.9944869562,11926.2484784104,11872.8384006512,7940.27786053801
20,12,15010.9376432082,14040.7050726549,10953.1416634957,10166.5754327162
20,1,15630.9657833057,15874.149501008,13232.202455763,10601.0494997849
20,2,25532.8166974713,26070.5670153806,26551.5480903509,25625.0372500191
20,3,60342.4297417458,61231.9687519299,115750.352371452,209842.688986236
20,4,52806.0792345994,53321.1604068265,64102.3947901541,123287.374162966
20,5,52837.4538239202,52238.5689983441,51313.9971679656,54769.2093465886
20,6,39197.327514295,37625.7351087959,34648.9512124595,32564.9093214526
20,7,74430.2587212031,61739.9506019448,14805.5389956623,12629.9391283333
20,8,73139.0683949587,63264.235736273,18064.0130634371,16566.5689690248
20,9,49418.1608249314,44691.3719316043,22023.161848735,11465.2966101103
21,10,38726.878226076,34825.3893819625,29038.521218514,21449.6651966562
21,11,12941.0769894948,11797.716799815,11353.5715250925,11332.9630297897
21,12,17297.0093107541,15874.9296305023,11674.7111736605,11329.6213450692
21,1,22010.7506049656,22441.7522174728,18355.9959444248,12289.4782096935
21,2,17949.0293231345,18751.0209424381,22336.669213034,11843.0838608578
21,3,16063.1630123236,18533.8392765322,22908.1250510065,11347.7810484645
21,4,23673.6694262687,16656.0729244598,16680.3230311759,22533.4616524006
21,5,25414.2864438543,21161.8665624217,22189.5067026776,22437.7736902708
21,6,26593.7749994805,10296.4111348872,13513.0229168099,13602.5974915397
21,7,10744.9439582979,7281.79586801392,6893.79384162326,5460.32188028612
21,8,13847.7272786045,11563.0158727428,9658.97090501402,5527.9897981187
21,9,10689.3746549005,9340.43719181325,8155.37644651485,5515.81797003268
22,10,26413.9435857975,26524.8831839259,23126.05064305,19005.5997862279
22,11,10319.2558667862,10980.0293579729,10884.7277611356,6848.30922031459
22,12,10339.1760539107,10587.4878818576,10754.263600928,6805.43744844042
22,1,17170.2977458387,17321.278120789,17227.0493927058,15368.0549704579
22,2,21146.8992415759,30834.4144189117,20920.9008732014,18379.7123768845
22,3,87053.9087351503,122225.574928496,79470.3154265555,17209.0301869699
22,4,62308.2703616312,69074.1482248516,48398.6736111181,18328.8680099199
22,5,41713.9003432212,41419.3872388384,23476.9159246708,17707.8260748501
22,6,21304.1506956975,19078.64907677,23011.9521321408,7889.0225900571
22,7,11827.79319098,10976.3380859297,9370.88147272158,5203.56448660286
22,8,17068.3980700234,16374.9838114808,12861.5405691814,10151.3548428256
22,9,12816.9314144117,12046.506291956,9213.16517135343,7127.63904318912
23,10,26299.5851782762,26648.4181095168,26149.9904649959,25216.7312306623
23,11,10836.0098126689,11698.7245891161,9339.24567271081,8042.76265298336
23,12,14339.4253637205,14208.3285443345,13085.3577603503,11900.7700571548
23,1,13112.9675667774,11439.6505804883,10580.9730201084,9795.52353476096
23,2,33529.2991916747,25680.799051405,110128.839973656,38688.5009720342
23,3,94119.1446107306,106527.570406782,134937.342400897,124972.769810409
23,4,57121.9416405,57836.6368107309,60332.6180610954,60042.8659098884
23,5,51854.4068599172,50710.8020552881,40348.6427928083,38263.2173344747
23,6,37079.1407970059,34702.7881622118,48487.7027480873,25943.2761936788
23,7,22198.6578163419,22651.3143840308,14341.2347419574,10129.4907988235
23,8,26446.7735854678,20605.7803839677,16551.5626741936,12438.0127750402
23,9,44295.6513952522,14257.7945707538,11736.1888885458,9421.39704906097
24,10,32757.2836435517,27432.0706349377,26454.9880059863,25873.3133943438
24,11,12112.2213823998,11346.4420362112,11803.8343283106,10170.7947177172
24,12,25274.9554076198,14683.8682044999,11217.8981945278,11536.5283074196
24,1,90445.9030809097,58384.2409527453,16775.1206553239,11684.3141934116
24,2,137644.356460019,161742.917085576,72503.3750893582,33884.7770537175
24,3,64633.6399034821,72894.2478694995,75350.810728442,55227.783948881
24,4,54047.3369769276,54332.1626529413,54121.4293333967,55348.3747822904
24,5,52941.292831361,52120.6406389962,50617.1421928867,40764.8227794827
24,6,37547.5998625375,36560.3258437272,57477.9315467171,61011.9273408628
24,7,34261.9921303328,21761.7718908422,16684.6300584605,15091.6953945526
24,8,63649.2520012154,22226.8978650322,17269.1695575653,15252.9942374385
24,9,48663.2854902314,36684.8277994098,12962.0515730352,10376.3653800127
25,10,32275.7454131265,30693.6942044011,26311.2130656519,25660.7026629193
25,11,14163.6426592007,13356.705920343,12413.9468219653,12866.7882722388
25,12,20256.8139896705,23640.6290877701,9263.05489539311,11732.5947982911
25,1,112231.049827626,117323.178648079,70097.8570725823,35852.9127941934
25,2,142640.111114081,181315.214665096,195084.58532708,169830.790760511
25,3,149327.390731684,169814.894494219,179895.984266989,168507.404805817
25,4,56897.7701327675,57078.402630583,61623.4903739307,59110.5804194863
25,5,51152.7590381057,49809.660214,40834.2386452666,39349.7708127617
25,6,34464.7451525919,35658.0801045226,35430.317812494,19111.2228044911
25,7,20735.4123863402,15072.0981847417,13102.2269826783,9858.49746308539
25,8,19171.4374284026,17714.621100307,16714.5841803961,15054.7982468336
25,9,14523.4133651929,13888.0078936277,11749.5899454069,10221.0451855323
26,10,27318.2111452817,26874.4609606773,22087.6921293749,22024.1930461858
26,11,11349.5389201313,11593.7231925352,11685.9363700027,11525.9995938323
26,12,10508.390928475,11469.1237097374,11735.3352511349,11799.3458026797
26,1,11335.8196729656,12620.2239106477,12663.7951345922,12574.489387504
26,2,14694.6785775785,20680.7576800555,12582.0176086647,11473.7847641526
26,3,12034.8945871197,10821.4743331465,18516.6741189453,22523.1843726408
26,4,44508.3067926655,43435.4733862613,24125.0274425817,25953.3434904637
26,5,39720.3544361975,38874.761056723,23184.1018663875,23039.0252142757
26,6,26585.8444405061,30321.7285761713,9768.74796001174,14336.9378190944
26,7,12045.2286806979,12146.738545281,7237.60493379836,6281.9257929026
26,8,14139.2655684116,12857.8429007694,10428.0701846509,6772.88638052177
26,9,11655.5355324618,11047.8726920283,8112.9033740229,5987.46301937019
27,10,27064.6619889306,27278.0962196391,26440.4389161369,22561.2859942376
27,11,13357.4609513316,12979.7111427049,12764.9649530606,12483.6703745605
27,12,10936.9030900244,11536.4676416447,11235.8782462978,10160.1503140759
27,1,11050.2805654711,11208.4040692721,8915.23153624836,5724.03319749839
27,2,17901.2194669584,18432.1760987308,17525.9063054938,16217.285431647
27,3,17367.8656161838,16856.406114873,14331.6252722481,14795.4104686592
27,4,45268.03983263,44607.3005296554,43349.241436594,22539.9240022032
27,5,41249.5085641673,41012.5770179318,38466.6527716764,24129.2446225941
27,6,50149.3173266013,48141.8849830343,30269.5573530137,34038.4967327824
27,7,15330.0566130785,14697.6963412381,11025.633502899,9467.20030020904
27,8,17084.3620402481,16587.2071321285,12090.3872886841,9210.18516683362
27,9,12592.577381222,12029.3104510129,9972.88215852504,7011.52761771558
28,10,28011.6451860851,26835.5809860686,23458.0023854984,21260.3176681446
28,11,12847.6880103723,12005.8393977227,12276.5849400653,11566.6262161293
28,12,16698.0899356108,14757.7900212619,14987.9404472641,12660.3658221537
28,1,60067.9855285231,13513.2886587843,48479.081094292,30784.7112817758
28,2,44744.4359074633,17121.2422391962,72100.2626462211,76448.3105243013
28,3,32529.3522216976,35378.0266017964,50212.1237976524,54299.1271614108
28,4,47980.6639590846,48718.1543698575,29465.2950291494,20767.7810752429
28,5,41529.5459814921,40749.6265121391,23937.8860292377,19964.022973311
28,6,37168.3321346302,40037.2502424009,27876.7811158408,12505.7983808466
28,7,13942.3494652217,13816.6815887713,10093.5196336512,5975.38927127787
28,8,17076.3322802672,16587.8271712358,12426.1038434228,9739.25824706813
28,9,12776.1417469648,12248.2310059795,8950.65527890768,7112.84749750935
29,10,23504.6026278666,22273.2707327995,22326.538180048,21615.7733910896
29,11,17518.4670757346,11592.4505346806,12766.5842987642,12714.9667574394
29,12,34388.6558813251,10008.2393425998,11330.7094378665,11753.6900199719
29,1,22685.7304180738,9624.3505266633,10403.1599183867,10375.3331843787
29,2,34865.3632408965,11889.5943622394,8530.68687015849,7975.35630412336
29,3,33083.8934130178,35460.4010802634,7157.97908615153,26535.0057649492
29,4,26314.4553394506,18726.5102612807,16508.2444256969,26055.4946368451
29,5,25369.8561442107,21763.8905851358,22012.3781830929,20710.4217543751
29,6,27868.2224745637,11816.2666401293,15717.4184115692,19239.3739139047
29,7,10890.7328829143,7233.70965135163,6833.15423910265,6374.76084839403
29,8,13640.8326133475,11079.1823049995,9177.71581867177,5900.92116456609
29,9,10074.4671383,8747.8311621622,7232.68264025587,5436.26147398337
30,10,26598.1776715793,26779.8996988098,23360.0510797997,21155.6507662232
30,11,11104.2562648809,11611.3863436591,9020.23166487113,7632.71449045929
30,12,10579.1618463619,10976.3246917088,8642.41017279245,5328.79167598384
30,1,10538.3382791634,9373.77094900347,6773.08391961361,4058.46932328819
30,2,57710.278200369,58848.7784154758,61060.0954320082,29730.1062968917
30,3,17012.8408569705,16704.5431319058,19487.8634341716,12435.8035766784
30,4,45020.702058656,43365.9553548488,24594.0871787691,17425.7439481276
30,5,39842.2129479182,38630.9999207458,28713.4557781938,21941.5084504528
30,6,45692.39757201,54096.8032206471,41137.9483548952,16737.063261428
30,7,14520.8268027174,14907.0579659726,11205.3917113441,6233.94824634359
30,8,16483.5659756877,13676.7821537801,11970.6472752738,8304.78502464488
30,9,11859.5113536806,10695.0308972392,8195.5276493173,6175.14884307212
31,10,22685.6069824913,23583.3290038277,21756.5706595032,21072.2759840315
31,11,10584.8917532284,11148.8991193181,8211.18403545142,6699.83168934897
31,12,11114.7304794966,12144.2305567235,11395.9928682039,8975.9824727027
31,1,10796.3734527594,12243.1963559677,12003.3409322042,11810.6768697368
31,2,23056.7093240156,28122.2270177478,12822.2099726662,16405.1484432292
31,3,13968.7172491375,13615.7388924425,9939.97451529357,13772.059402244
31,4,23798.2860310492,23211.0091788695,22397.2199484901,22461.5166330743
31,5,29288.9336997241,27824.7063193291,23285.4473802959,21877.1331596474
31,6,30382.7982000157,32703.4529546532,15999.426736508,18408.757224279
31,7,13968.7261777739,14079.0211177065,10381.0274924278,9925.75483987299
31,8,14747.9826116425,13621.1311650645,10289.668199736,7768.19002824066
31,9,10414.5025312204,9774.8458967141,7684.42319055661,6033.5264211211
32,10,26176.7572683709,26559.9712299131,22919.9968898429,20181.4072928331
32,11,11099.173226615,10835.6171337088,8833.18643416984,8294.9216034369
32,12,10964.7125645466,11291.9692911928,10163.9302327994,9339.88073840202
32,1,11741.8411787744,12811.4620820025,12827.5685211925,12927.8054612436
32,2,36052.2575843897,48754.6612659775,56189.1910067469,22892.8774467498
32,3,15593.2377120652,15101.4520688026,59330.860455866,30318.4325921741
32,4,43482.4294983142,42510.5732922738,25820.1017341323,16413.9385696041
32,5,38342.8067295817,37515.1811352356,32488.9194532859,20804.3342750836
32,6,22871.6864384714,32903.9259322274,36395.1190684615,18768.4309278804
32,7,13558.4228759417,14600.6699485608,12733.5125449988,8822.83642853025
32,8,14484.43069596,13147.8264570106,10919.2539304925,6663.23268800203
32,9,11286.6875358294,10592.1769502259,7804.74831068136,5835.11213410134
33,10,26357.7227870422,27138.2605696611,23741.9351638985,21205.1963812715
33,11,18564.3123917196,18407.9436577083,15590.7581206064,13666.9369376884
33,12,21721.1241554949,21855.0545361008,21680.9240144382,20659.845691149
33,1,43583.1070235907,18282.3256692705,16961.8519705677,15921.9795625401
33,2,76141.8724694749,21180.7003416659,14200.212035235,12838.1852696116
33,3,46650.6221815658,42029.6960650032,11187.8296648253,9492.81077343068
33,4,48517.0875655437,48446.6359426779,21587.4558119527,19722.2566578612
33,5,38968.5428379655,38209.7522061809,24316.900694272,24413.8266317496
33,6,45681.8492800111,28066.7411954185,30724.3403626449,35699.9605854738
33,7,14657.1738987284,11684.6116781709,9924.16945496104,9424.78828248498
33,8,18159.6046215067,16387.8620474393,14461.7786603971,13072.3003310548
33,9,12107.4120767697,11121.4410618487,8325.10886002045,7111.2554246399
34,10,26781.913878386,27176.7531074797,26351.497203181,25843.2329966011
34,11,11515.440701128,12406.2184624595,11739.8928748236,9009.52396830883
34,12,11573.8722427827,11103.0865024527,10334.1336877456,10416.0262394669
34,1,16499.0952312586,14947.1877257567,13675.7404512893,16400.460805038
34,2,16248.1834357873,15751.9582034271,14605.9560507318,67526.9713746645
34,3,50288.8268780387,49771.0760328322,69895.7061730443,110422.548541864
34,4,50645.6444491113,50264.5229140908,51803.4019351487,53154.4483861408
34,5,52035.3365455739,51269.0788298909,49011.9151891302,46636.4773351514
34,6,38060.5889016364,37339.8644270712,35213.8982299213,32928.7946469277
34,7,72261.96441385,33663.2880017701,21743.778819619,12192.5563014679
34,8,77804.7984213719,62848.5497475878,19925.858231338,16208.3332155636
34,9,51363.0100398447,45882.6976189086,18667.0731096216,11100.018080618
35,10,31541.7727460812,30394.702075927,22753.152006812,21809.7703780474
35,11,12372.7872585521,11385.1585403752,11674.7123980691,12105.3361396046
35,12,13132.2874077884,10947.7675120525,9672.85761566143,10411.9246187478
35,1,36007.2659283317,41559.678717266,51504.7186104022,11691.453979955
35,2,19259.0207345681,22628.1016383277,32770.7470130638,25208.9898125799
35,3,12820.3943785468,18808.1409352935,24116.7807837921,21759.9080502088
35,4,43131.9074274382,43389.2394750533,24721.0356026468,25383.1606697899
35,5,39059.5770747325,38000.1464617051,24963.6178815496,22970.9833454268
35,6,29416.4956098704,37564.9794413761,37308.7023077998,18820.9108050939
35,7,14237.7288690067,14629.8779474877,12664.4138490259,8303.4944851396
35,8,16253.4670930145,13304.3220861372,11874.1298493735,8350.0061795106
35,9,11996.1512750407,10782.3657025221,8229.54027381944,6110.2745851308
36,10,26248.1243022782,26818.6589468484,23326.9011291482,19875.0325777805
36,11,11119.4259131823,11949.4879758569,10668.7719374772,7170.2746833169
36,12,10991.4359934558,11341.9113795985,10216.9099674892,5216.87787675495
36,1,11626.3488672348,12181.9037832205,11492.7391003044,6566.76398546945
36,2,50474.9781162597,54798.3460883263,57045.8556087201,24161.6078245727
36,3,18370.3056674152,18888.636681599,17984.8769544837,13233.0330002859
36,4,45007.2911453973,44787.2482883052,24889.9516606765,14540.3200525705
36,5,39208.0548023489,38124.7367687368,25937.211248205,19333.1969732669
36,6,23528.607016191,27746.711218504,32938.312488181,15427.9207034292
36,7,11502.6813643197,11713.9840146938,10242.8228188495,6094.81388416756
36,8,15891.7410612393,15192.9116309519,13705.5068804278,10882.9733410684
36,9,11322.5040235262,10763.9135839298,8285.04493164636,6495.11507908688
37,10,23417.8618684532,23829.2421714045,21706.0770257387,20270.0345735047
37,11,11222.8148760884,11992.6083457038,8540.02712004523,7236.89873853697
37,12,11897.1818665956,12607.4586661894,11527.5904933489,9282.53864576964
37,1,11466.065185309,11268.1351309398,10928.1692797512,10860.5291122983
37,2,46930.057062635,50541.4684801345,19710.4967824001,22721.6053016576
37,3,13688.626383018,31674.1332978249,18224.6164004614,20481.5738406802
37,4,25191.559252024,28711.1135927691,24693.0506645346,25069.6969206328
37,5,25628.1160435305,26189.1449046443,23239.7312289182,21735.4821871669
37,6,33561.079227038,36414.486259677,17215.5849619612,19362.7275098317
37,7,14395.908589478,14371.4566045166,9676.02944550074,8636.58574967354
37,8,15479.7010955706,14608.0165989762,11921.4323463455,9308.1789560036
37,9,10285.6633119377,9758.70174941775,7530.94843000902,5976.12677822314
38,10,26338.2171610874,26809.5796617046,25661.1968104974,24121.7082831782
38,11,11062.6574882843,10550.5623861694,8988.14213295598,7400.45164473372
38,12,20328.8537714996,20502.6701128753,20040.1557994507,21258.1193446451
38,1,23363.3049968578,23863.8573162622,23537.1556104799,23894.6713324262
38,2,18345.6640860859,18831.3746580067,65767.5924432007,39963.4388390469
38,3,44956.3593281975,44429.1825834076,56362.9189350441,42873.7285440425
38,4,48353.105525048,47603.9240882544,45598.1504494888,46739.2396156247
38,5,51936.2382253749,50820.5253898561,46340.6945441172,36809.6392542968
38,6,36612.6875779561,35689.61592787,42767.9958467857,30742.5437836363
38,7,22314.5952273259,20368.2874651469,14581.539976522,11099.6924479547
38,8,23602.1853493637,19803.6659212103,16595.6028987239,14572.3453262726
38,9,17638.7157368262,13514.2337941225,11891.8514296179,9435.8864632315
39,10,31154.471186797,26330.7216359719,23523.824053718,21908.8395881777
39,11,11558.0202152408,10781.3395530479,11413.5891945418,11006.4614591299
39,12,10183.7332290354,11053.1056978286,11531.4326068801,11237.0260651361
39,1,12228.4827719449,13086.7921885469,12380.2179956266,12396.9254502204
39,2,36009.4660357897,13899.0045087131,53437.8471386448,22769.5680668906
39,3,49806.9509632234,12221.9110826763,13969.3672889448,28987.6693609521
39,4,47667.5006420628,41074.7156470991,23501.6202455975,25088.0525306775
39,5,39411.4290430839,39275.0663499215,25876.3033922453,23263.2287341297
39,6,40796.4939185083,49704.4417756414,50094.4397263866,24850.6641884262
39,7,15344.6399369659,15934.259677659,14032.8800940067,9831.017923266
39,8,17133.8117256347,14471.6978884686,12572.2253284133,8729.63738610852
39,9,11932.3422483448,10664.9927263241,8013.9190197246,5891.19635138815
40,10,26490.0408088947,27038.4693697623,26334.3445432418,25268.2099744395
40,11,10881.6441356632,11521.2680164397,8942.05869700049,7696.71053773292
40,12,10732.6903267216,11858.0250965576,11470.5023187099,9776.25970358022
40,1,10820.6404738238,11984.2338374719,11965.7970003871,11517.2784138217
40,2,18201.8681583349,17906.8852444132,14277.8661656224,25085.9439009106
40,3,53655.1501733232,53174.9436963293,51236.8232938998,19993.3414235007
40,4,59492.6794289455,59679.4346629386,59938.9690104476,57919.1171527075
40,5,52753.5147067691,52018.6936552156,49559.7358298578,41462.9310386063
40,6,36058.1210308982,35008.0474195809,33679.9475763544,21383.9284918367
40,7,79673.0796426957,24644.3337205604,14505.3866382416,11554.6545357994
40,8,66682.5813681709,22611.7434697287,17681.3993910534,16048.7309823771
40,9,50059.3841234107,15023.4486605547,13192.794851382,10974.7177087793
41,10,30835.3698528368,21156.9634420033,21851.579954964,21800.7858464678
41,11,11300.1164932419,10523.9261229652,11467.1187518173,11434.039145999
41,12,10503.0819417432,11215.6546353985,11648.0661190495,11468.6211202467
41,1,23910.3291589794,14611.107861206,12901.7544989979,13317.1571763142
41,2,33158.3079344563,32514.5104757652,10050.0126582384,9311.78580912825
41,3,11814.5106543359,13372.6961803418,24674.4962235414,28387.0392783773
41,4,19936.2912230128,18927.1852516098,24608.303470627,25442.2375566762
41,5,21731.714830041,22883.9208608975,22328.7463026238,20817.3129126979
41,6,10041.1069109775,13482.8660363882,17163.6811934264,19008.1679059028
41,7,9347.14828884373,9516.41678263284,9100.50670079758,8109.84710422079
41,8,14403.9240398203,13202.4434621644,11999.7629675496,8875.06058996709
41,9,10889.4372862057,10174.4381279363,8687.99531182129,7076.4096334058
42,10,22370.669264895,22802.9319598854,22050.3455801706,21225.3459969877
42,11,10261.7483841425,11130.1324526774,10564.0080814774,6417.76050129943
42,12,10776.1134062893,11377.5443462413,9794.2605826064,6315.33998367601
42,1,11910.7991078675,12589.2960841109,11852.3944191304,9304.86075004382
42,2,10346.0927369407,12203.4292195668,15079.3080820293,18228.0117267723
42,3,22780.1838347975,25085.9772189162,30756.442286404,34179.9333442851
42,4,23223.0005908762,25849.6482529359,25210.1560252528,24093.3367307656
42,5,21754.5173411804,22802.9628832491,20940.3925705874,18214.0224572032
42,6,12257.9407486285,15946.6070724323,18697.9200391838,19587.6076962385
42,7,7949.23488520286,8119.74550975097,7303.16881307961,5947.76500334355
42,8,12198.5315086468,10904.8815920476,7815.31569714382,4499.80966993091
42,9,9068.86733983376,8277.47265366085,6600.12163097641,4505.8824363211
43,10,21875.13853701,22286.4842731581,21379.3546056153,19250.7452213187
43,11,11243.3943420166,12416.1121977419,12190.7136869951,11261.9523068014
43,12,10978.0279008764,11598.5776318851,10617.6253286905,6556.19099194893
43,1,11299.0671042795,12049.669882753,11688.0570602281,10492.5507350309
43,2,11209.914271157,12544.2104720406,14367.218166824,16660.6955829454
43,3,26075.3411913839,28622.5382437247,27121.9562457103,4137.18367639228
43,4,22820.447756594,23923.2330458691,24448.5987422144,5708.58160604181
43,5,21297.9484498202,21382.1470820253,18549.6862355425,3698.46769162244
43,6,15278.0585995576,18029.171686157,18624.63463487,1223.69166541569
43,7,8020.89984579291,7458.12153509596,5582.41445096547,1668.27029825338
43,8,10076.9647257501,6068.54818912282,3155.63742319864,1240.12366968295
43,9,8694.98132527809,6993.20164571585,4564.97918678142,1651.64240025519
44,10,25630.7289151894,22574.9211641843,14494.6718840582,2877.85676689129
44,11,11085.8168181746,11891.4887386017,6343.88747904307,2014.8756063296
44,12,11137.4317230846,11545.4968076107,4340.64011539566,1435.14035915189
44,1,11358.8149597609,11494.9167820009,3902.76594107699,1186.82203981443
44,2,15692.6708457404,15034.8157137405,14788.946440042,10174.3994041582
44,3,33597.1266262382,33256.6028882205,6576.65306315976,4426.08527689436
44,4,47130.2139620949,26939.0776174086,10622.9029463034,8265.23824423284
44,5,37510.2243789638,26284.9542269241,20451.558482196,18234.8578107268
44,6,29161.497699203,33426.4970400402,16330.2396160666,17418.6018683356
44,7,12182.9406555147,11140.1567151426,6397.38535056185,3691.29040948554
44,8,13589.7684255073,11567.0785843552,7713.65713973193,3094.40113735559
44,9,11173.6353833543,8894.63929591267,6676.79258423418,3242.37552361924
45,10,26544.7129241315,26712.8359711687,25415.4107748156,22562.4460350722
45,11,10568.838301878,9947.33045110489,7715.15286571105,4725.97847849765
45,12,11141.3579941928,11002.2952594337,8293.71603978027,3861.72612167826
45,1,11808.6037625708,12040.0987320957,11114.6417975226,7444.50822478381
45,2,17903.4799800464,17658.009805531,16596.3591525813,13322.2916035763
45,3,14250.1186206142,13382.9612789307,11841.924578336,9465.2084038732
45,4,47109.6793272997,46771.20750665,46326.8715024124,44431.5808633088
45,5,41231.2135399333,40604.8049325332,38802.0532573694,36024.3672755207
45,6,69235.1104682812,71781.0935567578,32597.7712321253,27885.1136999724
45,7,18393.7062765024,18226.95987668,11770.9124286201,9364.98583624615
45,8,18281.2753746938,17993.3470303975,16126.9547663198,13468.165279311
45,9,12119.5629921896,11493.8197336523,9913.38461354548,7545.36326857885
46,10,21505.8401573204,22559.0583238302,21799.9932395623,20441.7308369901
46,11,11739.1828707617,12332.288440694,12406.4989695381,11932.795816472
46,12,10002.940783705,11110.5434324897,11422.8310819951,10148.1143339479
46,1,11315.8213678882,12531.6159685983,12234.7952930107,11223.5973493342
46,2,15538.8104189633,17801.1823958404,22323.7860189152,26307.3033076157
46,3,10486.5612039349,12647.8836441988,19046.3890113715,15445.6158106003
46,4,22172.503192756,23631.9997759627,24079.2965637471,20706.8878476561
46,5,22428.9594050433,23152.6821286868,21876.2001145869,18119.9993779371
46,6,11749.8984822753,16141.2458598831,18181.8246555155,18757.494255822
46,7,10519.4081436164,10877.410438431,10321.1735847728,9131.79123484078
46,8,11731.2252183751,10389.1931660564,8622.36063810189,5331.05343590627
46,9,9009.36701948018,8191.42455178168,6695.32028558737,4646.86255463171
47,10,26054.4329404689,26349.4239170165,25560.5183933514,19529.5433821974
47,11,11494.2071326032,12627.2472246629,12340.3806356306,9047.63039062066
47,12,13825.6494961715,14076.2958103553,12903.7033845513,10252.0692140147
47,1,16431.7373957336,16843.0148231358,16701.8830217352,15298.6564222095
47,2,13661.1564174323,13480.7523843958,12408.2103263145,10556.826099655
47,3,11250.5416513576,10214.4548500615,8058.65557789814,6077.18110429664
47,4,46014.9829114916,45068.0417917825,43313.4486376741,13043.4262552696
47,5,40385.6582296098,39371.9559080996,37307.6017740019,20979.659336417
47,6,27908.1458379203,39247.9740490027,29960.2794357307,16504.9503077856
47,7,14975.3613280323,15358.7445741401,12728.4398800541,7890.23009995179
47,8,17155.3438660201,16289.5346880048,12613.3142322746,9243.93142574492
47,9,12703.2143134146,11631.8671956321,9200.06382230849,5773.68523190314
48,10,22396.8637612814,21653.0697325904,21705.473555315,20131.0295352312
48,11,14469.8806843191,14023.3536654129,11689.1075732948,10437.9949405408
48,12,10870.8485226979,9745.3711151135,11178.1093826979,11150.197502356
48,1,9903.25341825626,8704.78181682353,8609.23909118148,11310.468730863
48,2,10648.9848533156,9473.39484428662,6822.24850328022,18426.2452064649
48,3,15399.0341980963,6898.05549618768,5861.20984276985,15309.1525037403
48,4,25203.4441798443,14968.1009713273,16168.392106045,20492.6250482634
48,5,28032.5318678929,21967.1804538197,21717.0852323442,19856.173457648
48,6,29762.4544753845,12773.3477202987,16510.8310968187,19151.6590164647
48,7,11564.7265851874,8012.82159652482,7535.47923276953,6568.42955514933
48,8,14980.8858041871,13146.2930452234,11599.0805748961,8133.39303006015
48,9,10101.61627943,9203.92184584015,7533.8489611706,5744.63641043408
49,10,25994.0428095565,26162.8206825852,25328.8266315119,23952.4410892555
49,11,11696.4937342104,12507.9408470717,12232.7462735328,9562.39204268456
49,12,10888.5710788025,11982.662559277,12097.5203508775,11501.4649803173
49,1,11266.0150569195,11073.0430470737,10515.2644487381,10655.1805022662
49,2,67848.9667206747,17605.0635055662,10071.9460665457,11262.5068382064
49,3,55853.6085698461,48122.8560382198,45957.7461439084,13674.7097351086
49,4,53298.3501434384,53342.402057929,52784.1002519298,49634.9139217806
49,5,51607.0324650184,51040.7271479911,49675.9226223216,40527.1388687891
49,6,37528.4536208483,36469.7636548867,34798.4494901409,53931.0901398822
49,7,21436.5672105878,30001.7874587842,14395.6364039355,14573.023512172
49,8,33588.3148125675,22464.4205260665,25347.072951536,18544.0448364155
49,9,49960.4690969615,17509.6240678254,13071.16917862,9385.81758774743
50,10,34117.5099742011,27870.9644551552,20973.6150387046,21630.1512337917
50,11,11713.0024959955,10743.3692927861,11006.8860468738,11578.0579942703
50,12,14993.4438063152,12728.2406230794,12043.3905600363,12034.7593109513
50,1,15777.3589631187,16921.1855630268,14648.5598532134,13089.2217452955
50,2,38790.7394689956,42442.5974035188,9527.37291113469,23703.5721070341
50,3,32067.9175287627,36909.3574334748,8929.02019440848,7842.02139872177
50,4,22045.6413664549,21201.0014925178,17737.7702543225,19180.6259149239
50,5,23962.5681629394,22823.4236668633,22248.6988216157,20520.6832565408
50,6,12711.0173802377,14415.1771468152,17091.198576504,18874.2349846531
50,7,8980.49067248529,8724.8505761307,7775.66845248286,6719.93928607525
50,8,15447.9386035925,12780.8387251514,11168.9218109792,8113.69508437732
50,9,9831.78322789034,8784.06749309353,7359.36372173204,5749.55584172395
51,10,27107.3778447719,26586.6510705569,25694.7187115464,24823.23020606
51,11,12931.9681211045,12824.2065249486,12771.6411559297,12589.1422402323
51,12,12404.2622831386,11904.1078062851,12334.3420822092,12402.4580090887
51,1,43172.1914950384,47960.9075343338,24921.0731307709,27911.5860829197
51,2,142929.930329065,177432.485870371,125705.672253013,118427.65611359
51,3,73987.156120172,81759.173833149,98999.7147739752,141237.733733763
51,4,63325.2345385882,52976.8681540788,54099.6227397926,57401.93231978
51,5,64600.7417274076,51800.8330685681,49649.9220663747,47293.3309368349
51,6,49899.3875310353,37007.182740712,32782.0895888981,30693.0815023423
51,7,98892.2706901276,68811.3116812515,15208.2162139332,13611.5201122102
51,8,76505.7790099875,63667.5113721396,17400.5675517309,15576.9406033495
51,9,52751.6191741089,46761.6693549173,12773.1228175838,11199.9443600566
52,10,34498.9521659562,32763.739647612,23728.3136515692,22299.3072152279
52,11,13535.184611548,12614.0037648886,11687.0721438434,12520.9127058652
52,12,30554.0405446113,34399.6920637047,14698.1785354608,12679.4404415488
52,1,160800.306341136,167239.896397498,160482.873289814,72946.7588263748
52,2,121184.451602938,154919.324593566,199920.123782137,142165.362497837
52,3,56908.1672223824,65436.220268695,77193.1849420866,79102.0060231364
52,4,48625.8063299041,48598.0440461496,29749.8020763194,23038.1815993853
52,5,38737.235838227,38341.243088243,25818.3608025249,22349.2505170585
52,6,26266.9384538354,28740.1697439687,32336.3871695815,15753.2489892329
52,7,14153.3981577721,14200.830715037,12511.2617465562,8914.68247217558
52,8,15553.2573269087,13861.4586261888,12186.8911390653,9408.01725142088
52,9,12335.0228101116,11578.6584087509,8667.5330349066,6790.29825144886
53,10,24452.4901838654,24583.5581348479,22474.0913472593,21755.9382269887
53,11,13363.5979866318,13090.8178449693,11697.6636067001,11024.2061682457
53,12,12054.3178351945,12521.7711487694,12784.7016195562,12725.2252166675
53,1,12368.7507615818,12369.4423952415,11761.2181046955,11722.8534014685
53,2,52208.5595760485,57241.4901028353,27235.2238111622,28545.7971001487
53,3,16416.4024152398,20433.1961105646,32619.0241383113,27066.7022176815
53,4,24291.0928421667,24293.6932021899,21086.836126347,22941.9231853185
53,5,27380.6791426582,27216.8703586539,22139.5160849817,21935.1728967641
53,6,39956.3323545121,36171.9759131851,16665.2168753655,18873.0948200988
53,7,12969.8891159929,12076.1688745884,7750.30745288308,6968.14192648519
53,8,15148.6952201454,13733.211149017,10450.2434963723,7209.55385519031
53,9,10674.2859176139,10043.5144136687,8094.93916126195,6438.82567378557
54,10,22710.5509191333,23113.9593104371,22573.9252631477,21881.3268676067
54,11,11839.859682009,12280.4454755733,12113.9091507575,10479.9319128688
54,12,12344.8594588662,13083.104966187,13242.7309880817,12873.3603946913
54,1,11746.0164684922,11835.1442659792,11679.7790808662,8966.65425163045
54,2,18228.2862259841,24176.2979252491,25317.9973137774,23690.1355356384
54,3,8737.78240640577,8800.23631841511,32605.0452501839,33818.4091496181
54,4,20357.1996609228,20010.3675621589,22397.2189838805,20894.3611403427
54,5,22318.1872406186,22498.7827741176,21352.7930521354,16598.2914983603
54,6,10847.6322077391,13636.6693061522,17979.7977067841,19064.2088815676
54,7,9854.60862083463,10210.5758380374,10332.832480163,9896.49750353901
54,8,14012.5656854811,13268.7670277528,10532.0799475534,7879.64960114929
54,9,9668.39368914661,9129.84976172372,7478.79969961021,5839.984349004
55,10,27094.1120909126,24686.8346431157,22762.1330724485,22295.1821521694
55,11,13160.0848450619,12454.0026001455,11144.7394318258,10058.5877313934
55,12,11490.9053598543,11860.0238099243,11920.1277470187,11547.1592121499
55,1,12355.1802944194,12641.74109433,13225.3403039485,14091.7115335274
55,2,19972.8144345721,17332.3183246374,14171.1207248962,13062.6331213818
55,3,17951.6334346428,16810.3652910486,12245.1734257506,8822.82603280672
55,4,43929.2632789172,23190.8231842387,16198.4283087511,21642.6126921603
55,5,39722.7890593642,25207.6405992014,21758.3207507344,21923.2856928642
55,6,26840.1102988785,30562.845937594,14987.8894662498,18445.5740753095
55,7,15085.5669201736,14316.4748817527,9789.92022331829,8882.25796285732
55,8,15418.1030574522,13446.6477431866,10531.4734579065,7481.85466505844
55,9,11905.0417406345,9821.53624764005,7745.5170165775,6037.08801989068
56,10,27245.8022715811,27555.641685427,24263.8949180401,22267.9494748516
56,11,12677.8554278121,12995.4715133423,10011.1555229463,8348.30342837772
56,12,12927.4411649114,11222.7624258052,9341.49904756997,12613.8675008405
56,1,16901.0955364864,12757.3621327656,11647.6744548373,12222.0385119889
56,2,34077.4712622119,10598.8062346282,12965.7048857901,11127.3975759042
56,3,73454.0684144866,41874.896482636,15166.9956796742,13459.8844923699
56,4,57070.2944102347,54540.8389343641,25965.5674841922,17096.7510501498
56,5,40342.856444211,40711.8017300538,24026.107206464,21275.7983173821
56,6,45569.0333564915,24292.7490523594,30741.2298143787,15942.5500003136
56,7,18255.8688040234,14682.3510172434,13654.6383380107,10344.1809384481
56,8,17835.6224331819,16736.3907324894,12998.2247315016,10156.8978146919
56,9,12869.3839456398,11867.0145347576,8568.00343842095,6801.77851680224
57,10,26785.6946301835,26920.851364915,26643.6182749217,21999.6434365111
57,11,11200.9594524838,12090.2300223913,9388.00738561935,7533.56893128544
57,12,10514.6056582358,11609.1605057245,11574.5463474143,10849.3076448224
57,1,11427.628347485,11976.8107143422,10509.7225584337,6289.1152490409
57,2,25564.1448865084,13618.1168667387,22114.3821306801,10751.3652949197
57,3,50710.7011732381,45832.8623930836,14926.5550480887,12033.4559057612
57,4,52272.1048203564,51201.6368899973,43976.7252865281,16715.9617160972
57,5,40179.4257149484,40182.4000888538,37187.8159239228,20483.0274788536
57,6,53489.6168678599,58402.7471272611,34913.1411544791,16589.9300954852
57,7,16956.1080879478,16871.219180186,12390.4901725294,7159.75133133024
57,8,33756.1601272674,16482.5347876042,11902.5093308199,9339.40746218328
57,9,41972.0453484432,11613.0797384196,9269.76668374098,6351.86798176295
58,10,40873.4270402192,21368.8162408605,22404.1987212211,21860.9383473881
58,11,22806.7345723455,12171.1692198923,9584.66089668966,7240.07575975852
58,12,20046.325485777,15111.101549338,10430.9960814386,5995.31398468143
58,1,11321.2503169147,11453.9809404376,8249.28754504556,4119.07139412153
58,2,11027.4656703177,11115.2254225908,11432.6947786689,13775.0909525414
58,3,10243.2107098183,18137.6790202,19733.7358757026,20872.1136777039
58,4,22486.6663090129,24639.063345012,22888.2594092728,20253.632923284
58,5,22062.3370984491,22378.4731430078,20546.229631395,16539.9432061045
58,6,12535.6369085444,17707.1990917977,11565.4411878517,12061.6368471152
58,7,7182.73692581059,7174.09671506594,5891.7998621631,2718.29389945736
58,8,10302.6900428018,7989.35762049828,12805.4225035958,2504.15218649862
58,9,8645.93356531839,7276.58417705713,6503.34985404467,2619.4594739494
59,10,21999.2554182324,21506.2265481049,20248.7844787842,15715.5508154776
59,11,11071.0716875368,11285.6377450358,8903.82206218793,5043.1828632974
59,12,10692.810851116,10729.3798413252,8423.28202866331,4876.05761804818
59,1,11252.4697325276,11286.4632424974,8853.44457282951,4735.94823139298
59,2,13418.8204979092,15491.0432029962,17444.9007432596,19682.2463040971
59,3,14982.4495588204,17477.5016786412,19572.3800228122,21073.3639922806
59,4,20442.6372247345,20090.7662727253,16666.3256378233,18270.9562120513
59,5,20395.2439480173,19622.230798536,16443.7929527726,17800.8505237925
59,6,8909.52971394309,18247.0985607749,9268.57240309274,20318.9701248787
59,7,7398.50487934656,6580.10600060237,5577.13344809194,3002.89175314551
59,8,8058.89522540294,5881.35349579424,4762.88145657381,3254.66909853836
59,9,6219.75079789448,4937.61680281966,2821.98737462519,1227.19338693706
60,10,22997.5565951783,21161.0618247875,18321.7710053382,16418.1979407436
60,11,9238.76212344197,7660.3793582585,5249.28883583498,3036.85172584622
60,12,11673.2794016547,11080.9015644638,7166.02668719764,2191.30081325408
60,1,11718.0310839917,10843.5982890169,8266.30599488891,5523.84727224306
60,2,14118.4124746482,13859.6437600633,13242.5816968728,13466.2519847018
60,3,50913.7551749864,50885.7561682788,20100.9736199514,19293.5309352971
60,4,52729.6119657212,52277.4342823258,48215.2751702515,45772.5804026585
60,5,49595.8760493719,48610.5566613726,38955.1969178005,36420.4874787695
60,6,34924.7733538389,33820.3208946143,23348.7327953566,16828.7696594588
60,7,19515.4407443067,21345.2682271195,9712.99906409,8215.61475416797
60,8,19500.0746200827,18476.7308986192,13179.1205400629,10554.3378051303
60,9,15812.6214350434,13368.8714651535,9494.82663331877,7238.4883074728
61,10,26139.7794105178,25013.5440463467,25172.4445958474,20304.5938063801
61,11,11858.2104465844,10855.7649686815,11657.8704306932,11858.5892443423
61,12,10356.3848907079,10873.1300884641,11750.2374761827,10595.9349693937
61,1,13821.2027903709,13932.3800830193,11285.2084971566,10176.2204071463
61,2,18637.9336660709,18051.1217963271,16449.9149134327,11475.4873327107
61,3,17243.7598862693,16442.4619756693,15362.2498370405,13566.7651000165
61,4,44854.5381897686,43675.2946071215,42193.0972256076,13970.5747978805
61,5,40240.0958707175,39580.0413478402,36499.4538809376,20863.9820221914
61,6,28033.4975552872,58096.77285679,33284.6403389129,16164.86374242
61,7,11904.6606062512,15147.0649812121,10203.0749078264,4789.03106336762
61,8,16485.7973298257,15030.1488530701,10264.9489130322,6205.57484878198
61,9,11841.4864574362,10661.6576792272,8144.6565531744,4456.32957311395
62,10,26247.0916293702,26401.8877461321,25966.3055394904,23658.374560845
62,11,11356.2594739443,12351.2290011889,8886.07786727029,6804.66661010391
62,12,11281.6934867479,12038.3014784973,11146.0092167359,7389.72779547885
62,1,22076.9172219974,22193.1311020939,21106.6442353678,18937.758156806
62,2,139050.6864989,57007.3859155143,27997.3011275425,25555.6841402826
62,3,90998.1554170663,95123.2040045533,97931.1840884211,74224.1325508271
62,4,50761.6073775551,51664.4645921581,55355.9631214925,51251.2571521513
62,5,50603.3490925301,49130.9332703206,39335.5159394081,37107.0929834425
62,6,35272.9685025288,33218.3816641816,20039.6177765584,17433.3258633377
62,7,21863.5655446933,14391.7074297135,10449.5226710273,8206.36811062604
62,8,19275.7801772007,17239.1643909935,15145.0377806931,12080.7025665065
62,9,14437.3205290111,13027.7740115816,10396.3316159614,8425.31410858698
63,10,23798.9316437726,22105.3086041962,21727.6213263742,21161.2532306237
63,11,9967.55955525492,11140.31510916,11425.880692123,9791.3864054024
63,12,10328.0060535213,11514.964977699,11905.2405439437,11228.0694847827
63,1,21687.575017967,13016.2926308827,12369.7838546639,12334.48467773
63,2,29186.9157567572,30191.5516583004,19761.4047852637,23411.4315426933
63,3,17529.9481486705,17101.489942223,11908.5759546399,11083.1378966506
63,4,24588.5830450357,23206.4143111732,22869.7763106192,22633.4978537317
63,5,25583.9673796999,25298.3807667722,22838.0534630763,21337.6376902581
63,6,27870.5585100084,32427.6202120824,17267.9086368865,19805.6330027048
63,7,10626.8736856637,10709.4312892272,6654.23576630049,5349.16291135603
63,8,13391.0337581308,11728.3769399898,7588.52286207764,2983.93838231825
63,9,9810.58860169571,8786.51881108703,6396.76898737944,3614.37625518112
64,10,26735.9444222085,27028.1423487309,26031.472213012,23823.1979370038
64,11,14150.0296114366,13799.6008546731,12652.8892228707,11713.1173851172
64,12,12375.0228286428,12710.9494785306,12321.5129332421,11263.5072552012
64,1,48974.1735556618,18765.8418049549,15838.5224398819,14867.3295993541
64,2,149461.286992238,114322.768923728,76863.2171161296,18811.8051473652
64,3,167205.895860516,197831.350502683,224304.032312531,202884.732138853
64,4,99975.2654569939,127156.106699589,173952.191471895,210158.400315097
64,5,71965.9245228887,58380.8616401868,59090.1728168859,58741.3224300445
64,6,54838.4891445585,37789.8132773673,34340.1545630555,32303.6488654991
64,7,109566.175471807,62645.3409308012,13609.2817929879,11714.9444446774
64,8,75867.3353095811,59374.812369692,16605.7864326755,14046.4325858465
64,9,68589.5292498526,59925.7112772819,13040.9388832168,11169.0626003083
65,10,53466.6827034346,48335.0064671282,28937.0733721703,26420.8324364272
65,11,79694.6299679553,83964.550570231,88234.5510032394,18389.6786394849
65,12,99879.5073348799,125695.994992959,169894.991213209,180564.885034775
65,1,111787.203356124,135127.953905556,185081.479446021,218687.194101794
65,2,140740.612990414,166066.503901722,246974.911496392,247879.926844379
65,3,177493.676208982,218069.736379654,252445.534844762,253494.955508746
65,4,121481.601090787,103849.274741378,119743.23137511,201100.971884664
65,5,118812.703166663,98638.3248538339,60354.5610019906,61852.300335309
65,6,102459.27544618,82081.7958579389,39453.1066863788,39832.7328473978
65,7,151567.382803346,130042.470267638,32355.5092013185,15410.1571951574
65,8,124318.104707527,94305.516096268,54104.0869031994,16857.8431324942
65,9,82437.4980324115,69381.291003062,52433.7052288339,14208.4800419492
66,10,40775.6300504053,37106.8852259792,31891.6481153002,24014.0816986656
66,11,89599.7301745692,89864.8635518672,92794.8425856649,35696.2668822466
66,12,146407.583136566,158909.866652258,191942.838611098,203818.189627832
66,1,79668.6519602349,103687.673996247,143699.264593965,159410.817885381
66,2,60522.5123081134,68159.402072532,80637.5749392844,84099.8128308615
66,3,42501.0940446172,48811.3740660225,54155.4409825706,46347.3053717717
66,4,49849.4880978463,49719.647131695,48207.0259389353,27822.2356632067
66,5,42155.5083167706,40996.8623905719,38717.6000076626,25714.8714270035
66,6,59645.2337181059,43091.112828888,28583.9886807875,35033.8546317949
66,7,18068.5147319937,15404.8806032887,12227.6860477459,10324.8201392374
66,8,17994.1392860009,17251.8574322622,13278.6268474647,10479.8917728644
66,9,13933.7251197925,13364.0774599153,11081.3226302414,7954.72376032472
67,10,25048.982670691,23152.0849673444,23423.1195882514,22620.8292873233
67,11,14818.7346569111,13989.4419951488,13131.4281648496,13153.6551346647
67,12,10817.7241702379,11170.5200613999,11540.3208038887,11073.4072381414
67,1,11000.8837479926,11814.3146226998,11519.7451690235,7722.01963735149
67,2,22112.3143352527,12053.5708291784,13799.3477047441,16711.6639379448
67,3,25049.1690931319,12420.5240968522,19042.3445875807,26418.3108726245
67,4,27170.3155663933,19137.1249608695,24131.7385579951,22265.730792894
67,5,27824.7535285892,22041.7642838249,22259.8605866397,18327.5735594473
67,6,26967.8774045904,11529.1287847808,17688.5871524302,18994.0799048333
67,7,11476.2836661597,8082.45848329684,7807.02439141369,6502.06081366339
67,8,14369.7515942721,11967.3037899903,7517.9093271399,4475.60168888297
67,9,11429.9315109799,10149.7784922155,7917.32356658515,5736.13066915592
68,10,27184.368789551,27338.4453569111,26207.7848157188,23423.8469508513
68,11,13873.717963877,13459.0150442265,12795.7505738083,12744.3845288582
68,12,11043.6887613686,11760.654328708,11414.8248200367,9741.73101003119
68,1,12490.9151702877,12933.4606637491,12260.5064115702,10985.6333664934
68,2,79256.8405452417,89361.4265837592,26636.6782077886,26292.8066323157
68,3,192294.698471748,239026.831395182,221013.585817342,177710.8787216
68,4,61574.1022597959,77675.3956507472,89526.3458362539,86987.2369636689
68,5,52542.4128446026,44764.0286727206,44155.7165572698,41705.2988573891
68,6,37720.2696272423,23263.18827715,20468.4500270329,17610.7974089718
68,7,16327.1663337367,12752.4745040597,10922.6816075056,8826.2962467918
68,8,40550.8894043705,17401.6577124601,15368.3717393449,10474.3463931278
68,9,52058.146395462,13757.0945111817,11822.6239944675,9422.31719217477
69,10,30688.215980335,23169.4279843551,22611.0457210452,21675.5931662777
69,11,11547.8683027372,11452.9354558629,11649.4244540833,7507.09132575317
69,12,10354.9443237121,11339.723615699,11575.6414795932,6454.35083916785
69,1,11543.7915697435,12579.5420423559,12678.8559521904,9157.45699286246
69,2,13781.5399946926,11454.6108863311,10902.9869088048,15917.5176739028
69,3,23674.8814707335,11406.5073538028,10452.3526395737,10225.3044313943
69,4,21902.2793068316,20475.158499227,22173.6799071353,21284.6659286863
69,5,22007.7212974066,22489.5863490632,21080.5987988805,17302.7065611349
69,6,10743.8695178405,15003.8829191419,18405.6905985768,19550.2361123795
69,7,8072.88537746172,8147.61170227707,6571.35840685528,5203.65574986864
69,8,11649.6870610177,9385.72858007031,4371.31893922582,2392.91946886145
69,9,9518.20378696715,8324.09114076515,5296.6342907719,3057.0396178006
70,10,22351.2090868884,22379.3424237295,20749.3346519868,15170.1648640586
70,11,10994.9485763408,11615.2101444601,8531.55752463927,5105.19075257648
70,12,11231.3146837622,11934.0626185142,10968.8133471934,8905.34151748276
70,1,11338.6933186613,12082.2312032121,12002.2155776874,11612.4078390342
70,2,16735.3564802308,19423.1356897615,23955.1778583994,29475.6353024301
70,3,22412.5940798535,20363.936156602,21190.1398371911,21610.5155627134
70,4,23881.1053809333,25353.1775958797,23920.4307343048,21402.7494751579
70,5,21436.9576201244,21660.1567392882,17453.6085911882,17744.4952227611
70,6,15394.5069917611,17976.870438452,19053.6033262259,20317.1687556061
70,7,7247.45811230915,6547.66533346235,4535.8696604721,2780.67807267995
70,8,8594.97260168411,5545.62050362769,2228.25093027392,1213.5511270491
70,9,7642.76849261316,5849.23334402851,2809.77908900791,1202.07896919899
71,10,20909.9220126231,20397.9261915712,14299.2053599807,12326.8828474621
71,11,11246.2187802591,11652.9063858467,6098.57568822462,3422.98663384989
71,12,11525.9761046302,11789.8630090051,9223.3810357587,2248.85201720076
71,1,9722.03096839989,10733.129376152,4544.37282470118,1229.04936926086
71,2,11242.5571313547,13660.6684693993,17827.7216634531,1256.5517590088
71,3,14609.9417514502,17595.9658598066,6605.49498238816,1298.23829678939
71,4,22360.5800598798,22754.5330092898,8108.69230188508,3756.28684519404
71,5,21617.1453977584,21396.1985605752,7015.22777161911,3167.12908988847
71,6,15637.0553031139,18294.4721560565,2432.17548457322,1200.37260029564
71,7,7028.97598084814,6702.15541509984,2048.23201697863,1209.29083626664
71,8,8611.376541603,5729.78644470072,2202.88161140238,1190.80752570778
71,9,8540.83811766364,7182.28549409982,4543.73419549902,1353.39741757727
72,10,22445.7348132201,22054.4498520058,15785.2490838694,7029.52928822595
72,11,9874.09339203499,8915.61865698642,5805.10445354191,1912.06649620926
72,12,7692.46109220673,5350.29655289356,2979.40895344437,1077.07820623629
72,1,11083.3593116534,9950.77483890839,4293.46104638685,1247.63678771221
72,2,21339.6947728056,23669.92729869,4247.34762898246,1239.57081240624
72,3,24169.0550559591,29900.1432473386,2082.29767848266,833.190368167597
72,4,21844.1216971552,22416.5267266508,6562.72187450716,1208.2719541344
72,5,22287.3853800232,22614.9034061171,7653.6568549573,3538.38798480878
72,6,15541.0685804229,18607.140853521,1363.95156484994,1210.54063219828
72,7,6948.73182683937,6726.86787381298,1229.04154921525,1214.73155068917
72,8,7708.93299614936,5048.21487366401,1202.688064317,1193.6399696662
72,9,7240.53589219331,6021.91557306908,1198.95493822854,1190.27456366445
73,10,20344.9235820727,19854.4037690517,10911.3187461493,1239.26422096687
73,11,8117.34346591916,7667.04946745074,2906.89608245074,857.791497294668
73,12,7372.73554890852,8078.31796784011,1492.77803107416,1087.63573326364
73,1,5807.21910657101,7393.39402637144,1228.73568816941,858.887345690236
73,2,10602.1593851861,11260.3079463537,1991.72836031401,1340.19053260433
73,3,14492.1531964312,13801.872693125,8835.47798382358,5532.46738645958
73,4,18690.9268326826,11359.2953230392,7342.83242309371,1679.61440604689
73,5,21860.7540579811,9222.32813052692,5026.65363225458,1262.32520289719
73,6,14485.4583959682,3639.2173026082,1302.15994322585,1193.8438393837
73,7,6579.40023094152,2890.57029890114,1223.27577118782,1206.24384067792
73,8,8924.88332101629,3033.79359154247,1204.9523833214,1192.62632006138
73,9,7263.6088885867,4011.41228969012,1186.87456267838,1087.89697578759
74,10,22159.7174694246,16120.6853112427,9715.01620481082,1212.65841226844
74,11,8269.34661445247,5455.98104835037,2302.18328935136,637.54348921476
74,12,9584.59892616461,4127.43261327554,1205.04986622434,815.777311094726
74,1,9561.84002292173,4496.76955516279,1241.61355916985,907.153378266018
74,2,13222.0825471635,11172.8657634421,7747.74957536734,4701.43384006551
74,3,7752.55555558984,6058.12177104114,3185.65815926425,1507.67478093013
74,4,10420.7905611277,8343.17996378471,4975.99030345561,1230.44550562425
74,5,9365.99587580703,6820.78656054191,3405.21706949648,1222.94845684906
74,6,3976.27832946108,1940.35749451467,1234.57015718219,1191.25172695993
74,7,3584.61295656898,1280.71069302787,1216.22986801467,1205.86956241943
74,8,3524.86524619047,1240.26440629938,1199.17695977627,1192.59770294009
74,9,4821.63657268881,1962.324944678,1194.32177909562,1187.93086055416
75,10,21176.5043600438,17794.892326914,10729.6002753684,1115.4537725577
75,11,7041.75351794559,4898.54996037725,2165.26726282676,767.07916043157
75,12,7727.22023567474,5791.82323624206,3012.15237591512,1685.99522294302
75,1,18916.6275567976,17187.1204294868,16104.1702054435,10720.5820376824
75,2,17476.2711398587,16824.4363255185,15370.0767498015,12830.8923704924
75,3,48648.8523963989,15982.7642156615,14421.0567340045,12069.7642202737
75,4,48319.5523628146,44159.0683974052,41581.5942802252,18510.6605167884
75,5,50558.8392720061,41387.2744734954,36726.8393516234,21969.6119785217
75,6,36048.6401339199,29486.5859933505,28068.472179629,37919.501768611
75,7,18550.458810638,10579.0483601398,8070.09830932583,5750.74296015603
75,8,17620.9636866538,14151.4032533438,11068.8755504959,4302.66619723936
75,9,12750.2193398825,9814.39040316686,7185.73390310126,2630.16429280171
76,10,20350.3595866629,20842.3639691728,20405.2412990856,17415.8195144009
76,11,10090.6245134453,11276.4238105284,11037.3147345623,3495.71859413138
76,12,10664.5005211619,11196.7160725549,11373.5064103776,3061.66755698999
76,1,10767.0758242944,11597.0556840827,11756.7713516793,4699.19864456639
76,2,10605.184531419,9814.51641940652,10195.3321363243,11543.7003380068
76,3,12148.3191031727,16091.0367074555,28908.7067978867,31996.5642807508
76,4,23369.0191134225,25132.3274603278,24626.2481736202,20157.7354900075
76,5,22116.052898054,23266.8605170326,21763.8368459053,17738.3829056079
76,6,12155.6448866161,16088.1467656414,18649.9170241537,19789.8806209991
76,7,6804.64960224077,6621.28574511552,4603.03100030899,2196.19729730165
76,8,9868.07957790737,7749.2349825671,2353.31825791303,1213.13544927397
76,9,8108.43008134085,6741.81311698248,3059.21219818075,1215.65867281784
77,10,25758.9190230587,25500.4217604073,18670.3933679229,10583.7749984217
77,11,11764.7911957197,12263.8864390237,6880.81803385901,3098.89252274449
77,12,10813.7145446978,11197.5914716715,3610.83596286813,1197.52177074897
77,1,27480.6795026116,27310.1288854241,24560.5012088454,21966.4725258696
77,2,15847.9700368817,15136.5378176956,13016.5499845753,10700.2574685984
77,3,64698.031032332,64814.4276120643,65082.3897188552,65126.1886165889
77,4,54347.4040235356,53690.6242047171,51261.6482743747,48250.8959670199
77,5,54823.9406918648,54215.0920073657,51992.8451110162,47950.5913911185
77,6,39029.8510231709,37233.7229743499,33617.7351993354,44298.9595491348
77,7,21777.365398713,19687.9221694116,12645.941019951,10538.9850840999
77,8,18837.3716426413,19575.3871146235,15432.3800739455,11220.3006897723
77,9,14990.3490796529,13547.3658728021,10603.5807655321,7719.01002004478
78,10,27773.3574727372,25920.5513195864,24979.3463067917,23956.8757375523
78,11,10773.9760241591,10371.5118111012,10910.0421885188,6822.2127437758
78,12,12043.7223461605,11416.9240702619,10788.8244757047,11009.6767074604
78,1,15531.9545018722,14908.4998092816,12613.101867295,11463.7141491436
78,2,23540.3397917358,23614.8868752928,22326.3804891331,19836.2987319395
78,3,50411.0953820683,50697.1046379399,18112.5621247641,15584.6587538116
78,4,50017.4210362854,49203.6987596196,44755.7912412382,42259.7088828837
78,5,53732.3908281924,52775.4200135569,41888.030371207,39406.3513330288
78,6,35884.5727425361,57472.1134529589,77382.3835835994,51081.4294404539
78,7,15248.6904978469,17070.1189378602,17023.9374616504,11744.3746719986
78,8,17537.6031950311,16907.6475463924,14178.9464037474,10967.3538134601
78,9,14060.455673272,13166.3717712717,10084.8517022322,7838.71623348231
79,10,27441.7643080134,26745.5040503054,25652.9732098241,24797.0186190574
79,11,14675.0221752616,13032.0455715818,12580.9371234004,12880.8275614684
79,12,91745.8699503115,33740.9353494748,23313.6928247415,21452.0720054574
79,1,249139.724797569,240973.559994402,222456.526854784,199651.354680934
79,2,190598.449010941,245716.524457168,244563.105717174,242724.883676978
79,3,63596.7261651934,71364.5748447415,96598.8618947936,104633.516389006
79,4,48826.8694867146,52110.5892604118,52367.9662651156,50147.52346626
79,5,49900.4455120122,41131.7220555559,39383.9899385777,36924.4642549108
79,6,34275.8178936069,20805.2147382961,18861.8440224154,16077.6141763754
79,7,15519.1654048267,12023.3195709216,9976.89247009324,7812.99670295087
79,8,17252.7485988226,16501.7692411199,13731.0413144072,8917.94340030304
79,9,14375.2372396036,12621.0473818268,10371.729405841,7728.13982261982
80,10,27205.2167648816,26835.7163044291,25890.3596471404,24571.8717672194
80,11,14001.1142612375,13476.5520264749,12246.4973106415,12364.7945474776
80,12,10233.9472817411,11234.2317679922,11220.7664577915,11010.693011292
80,1,19200.1733931379,19023.7368061377,17280.8630190533,15356.5265837395
80,2,47259.614805845,39917.4093854735,37851.3426344719,37719.91851406
80,3,81697.306791145,68656.085157524,54531.4087559649,21243.8695636609
80,4,70708.3299088862,56969.7678310322,53492.1059602661,49207.9111922598
80,5,71433.7434805621,57690.2716539253,55507.5864139924,45302.073975003
80,6,53797.1004525027,39741.6786136202,36978.5462066719,73742.1021654252
80,7,100508.979358703,83060.8917415556,15413.5475715294,16967.3062446539
80,8,85960.9686834295,71986.058604943,17492.9143108653,14106.3381617788
80,9,57831.0621359087,50425.479525789,13578.9203996222,10173.5011138092
81,10,39464.8875292954,36089.2343882498,23929.2678302189,22030.7541274686
81,11,15643.612025163,14305.013013214,11959.2667663943,11913.8300946957
81,12,29431.728659762,27681.8764711721,14429.37160082,11904.4082002396
81,1,68267.8783502026,75815.6543192374,46097.2814524962,13407.2125697311
81,2,133757.943458813,157949.645186346,188699.537661205,71947.3449365751
81,3,52333.6693911511,62390.5138009734,72547.9388014709,61794.3776612136
81,4,52837.4799836835,52931.7882521264,32023.656313956,20286.6230469231
81,5,43761.5470982384,41221.691063254,27876.9738960291,22181.3741015795
81,6,48424.4306455479,23118.0443525257,31053.7257562025,15392.9324777858
81,7,16593.9964567254,12876.2393392959,11176.8579862334,6935.60747638579
81,8,17311.5901421807,16354.3494470075,11581.0883886766,7875.99239873495
81,9,14075.6036706607,13315.9448176863,9542.25401865508,7030.63203778184
82,10,27364.0222800024,27544.1781215947,22572.8622231145,20832.1586491333
82,11,12951.8814623905,12374.6322428049,11279.0992743342,8623.14686855275
82,12,10472.7827493606,11134.1645665193,10554.7491232558,5396.41856937825
82,1,15286.3945537952,15017.1596973704,13499.0323675781,11510.6146158023
82,2,31538.3679540647,25411.0642516947,23997.7534732022,25355.2254590844
82,3,57464.4050182561,54504.243089037,62710.9789362622,75657.5755751746
82,4,53583.8482338643,53219.0647436305,26558.7599506623,24705.7485027144
82,5,42663.0297106131,41833.1151171961,21356.7031137693,22281.0247499889
82,6,21801.6976417213,24328.8816170668,9769.53158621647,14492.8108258463
82,7,12829.2763885694,12398.2368649857,7163.40433768779,6511.87435570669
82,8,16888.6636680544,14159.3007813698,10529.1875150617,7705.98019123054
82,9,13524.2833977126,12338.5985452615,8877.12639101729,6860.44976179983
83,10,25660.9796029233,23315.2593564007,22537.5122661627,22280.181732727
83,11,11803.5594548962,11572.5104368724,11211.8568654868,8048.30162703512
83,12,10484.0311774924,11242.2155554062,10195.9009407895,5598.64286550572
83,1,12588.0057603821,12013.8188381777,12290.1153278079,11804.7858160121
83,2,26766.7323593446,11128.5065218724,11629.1296707943,12303.6943760878
83,3,29861.8707890147,10045.5631533393,15581.1898410894,18885.446794216
83,4,27812.0680859149,17778.7333674589,24719.5672714764,23878.4588974753
83,5,25713.8040649984,21660.254201963,22633.1061580443,19270.3418229079
83,6,26247.2003190627,11270.520829131,18103.651987903,18600.2357030052
83,7,11644.9234703103,8142.75493115012,7890.47482578244,6101.12975912027
83,8,14117.8199298463,11697.9447852747,6759.69647833676,3922.4106609651
83,9,11233.5841797051,9927.84394680751,7351.00694396777,4699.65413394811
84,10,24129.1521268375,22943.8396001701,20671.5825290412,15851.0912027729
84,11,12470.5136474144,12692.8311966167,11205.3932144081,7137.18583846247
84,12,14879.6224986466,14481.1734445593,13046.901883727,10793.1113215384
84,1,11372.7453872908,12056.6528302018,11990.7040512423,11339.1363365154
84,2,52358.5941588841,20541.0833738687,23395.8050755425,26883.0871636113
84,3,52085.0874139114,22247.3272084672,26241.231260961,34294.7235196597
84,4,32343.8157459241,20184.0565905717,22454.6211816114,26606.3447516004
84,5,29266.0646848182,21703.0799033797,21440.9532144591,18877.3705988726
84,6,29070.6327939458,12658.0174630612,18502.3405902858,19173.5472355391
84,7,11774.7566189893,8394.15177016,7723.8826659255,6152.7814945688
84,8,13809.7873643973,10867.2044803224,6501.62495739417,3875.97831119819
84,9,10829.3853023427,9477.90420967026,7028.74014672869,4691.33263862098
85,10,26843.0091662935,26831.3196427432,20572.2895862822,16458.7057407439
85,11,13147.0400126392,13170.8718577155,12333.1127691082,12060.1028299421
85,12,14319.9013770661,13984.3614304952,12792.1954698778,11426.8937105001
85,1,11385.2963301579,11757.0872186116,11035.6617931956,7455.0005497747
85,2,52147.7752139974,55397.1266800017,22777.2921364868,26378.5758950046
85,3,35187.9808154621,51929.8315824956,26925.9464887229,32111.4852288193
85,4,50178.2209575091,50917.3962790404,21331.9311114746,25428.3521745171
85,5,40547.4639977449,39179.8196268825,20743.3184786369,22361.066939966
85,6,47035.6742733819,51167.0267073936,20341.7855317544,21101.8635210896
85,7,14777.2126430918,14803.6932084009,8045.8356983367,6420.54568211579
85,8,14335.9357980114,12434.5660407514,8229.46886675625,4227.99724311596
85,9,11767.4198751739,10915.6661784947,7420.30149061145,4816.07913162617
86,10,22598.6175939574,22887.5139466546,21593.279096984,16463.1399075
86,11,11106.2003997082,11730.3000753859,8939.74579764987,6266.00415140643
86,12,11782.4702532129,12421.4528591534,12710.1198183149,7957.14734482444
86,1,11568.8374661911,12197.5860307275,11602.8858915075,5648.16178223942
86,2,15517.4281115601,13318.5046749955,11073.8865828548,10134.8275189357
86,3,10892.281700212,10867.7405764289,7224.38885847272,3131.3761389234
86,4,18077.3881578704,17849.9586254682,18837.7100709543,6993.76304328137
86,5,21888.2492354775,22565.9625557787,21849.68877082,5838.774150174
86,6,10526.2729835895,14454.4569021238,19010.1777811612,1257.83774588436
86,7,7659.63831760933,7913.01066614654,7293.87919489421,1245.52559833828
86,8,11844.5088088493,10012.4982259773,5953.12082236084,1208.72922812645
86,9,9607.32527681596,8773.85744391225,6575.24148359235,1222.29498410983
87,10,27010.101994777,26741.5712764638,26166.4412095617,15440.6938854703
87,11,11947.8705688694,12235.8789335084,10015.059992989,4573.4568990785
87,12,11421.2526670952,11199.0601406762,10101.0050045553,5012.24187399019
87,1,17314.9209268784,16586.0560180689,16379.5795822136,13726.9932228433
87,2,19728.6066008777,18257.2982889272,17432.305004137,13616.6813347987
87,3,53646.1835819957,53023.0654672042,51415.2838392029,15586.5789788844
87,4,51431.7328271254,50646.2823394821,48970.7386788309,42721.0358595674
87,5,53163.1920714882,52455.633663217,50559.4856366457,38528.1598702225
87,6,38281.2948531521,36413.0779359016,44220.2529451924,53489.7711586381
87,7,22189.553915326,21137.9939713972,20900.2732637326,11593.6010758984
87,8,18597.1012187007,19906.8219851263,18350.1695739347,10732.5159305553
87,9,15310.9064368579,14631.4676185632,12841.6877596089,7689.63431337321
88,10,28611.7239729871,27053.2683543613,26715.7947220891,23974.5634662584
88,11,11961.8904080912,11549.5505919701,11818.0122972586,9812.17914043347
88,12,16179.469025277,16998.647952534,14432.1798380182,10063.0903261443
88,1,21036.3395271495,21476.3643643645,20914.9804462556,18045.4551866695
88,2,17428.5245578472,16841.4080549245,16139.1283295257,13365.6077241255
88,3,57552.3308393537,56785.1893209577,55138.9368668069,51815.8132543469
88,4,63822.4443187291,63741.9987200458,62839.0689755989,61471.0756977156
88,5,56533.2644248591,54887.7713231544,53280.506547793,50341.8110678158
88,6,38904.8208638064,37749.1718206093,35626.8383008174,32047.9059783996
88,7,21362.2936389693,23049.5525234259,15472.5080323146,11467.8179167056
88,8,19475.0000629143,22840.0137437642,18069.0682051872,14307.3096101937
88,9,15214.4405429341,15108.7265191332,13220.1501284523,10505.197192533
89,10,22970.1336718804,21897.9096050868,22499.3326514266,21050.0872095061
89,11,11659.6002005619,11226.6678816332,12159.3776426375,10993.6847997903
89,12,10973.9729229012,11662.0403163972,11914.1357743542,11541.9134100109
89,1,10376.013225078,11564.8939132199,11974.3219161816,11057.3544786455
89,2,12810.8625297953,15133.3051076668,12789.812543582,12941.9550524797
89,3,9961.8940366822,9169.91455843799,27121.0023886442,30770.5982783428
89,4,19184.0205762613,19662.2600495468,25910.1546645727,23643.2646861737
89,5,22294.5328460046,23120.5470739138,21817.6071201333,17529.1264641204
89,6,10299.5066158813,14047.8407558709,17897.726585689,18170.5494526792
89,7,7907.65621223242,8117.88733125903,7248.36669314076,4850.23739002373
89,8,12002.844866348,9776.10096582562,5838.13888790111,2487.99953193609
89,9,9923.91840840739,8900.56776937343,6656.04254447734,3350.23448436562
90,10,22495.3955841654,22552.780079579,21215.0375648942,16081.4186770988
90,11,10735.5314277797,11389.0030797453,9816.99574317365,4983.13661671421
90,12,11802.3555582567,12281.2994995418,11598.3253006641,6651.3265556447
90,1,14664.507110497,14382.0825832982,12907.7587503587,11680.5298887815
90,2,11756.7677004434,11135.7815368382,11804.5612572824,15644.4923401536
90,3,19355.2636848663,21791.5418837617,29295.9273262301,33121.315904943
90,4,23112.1920613684,25080.6636627637,21971.2834941763,19928.891149994
90,5,21854.9929733527,22458.3463022803,18851.6701367851,15719.73682821
90,6,13289.1799200369,17708.7111164086,18421.3849454362,19469.1289671077
90,7,8068.34970129258,8342.46101459285,6458.70003280023,4321.79460787398
90,8,10265.9187807724,8003.33253146737,4326.62075527601,1823.45100546349
90,9,9042.68784730205,8048.7202993392,5185.67285476682,2229.64947648418
91,10,23524.4524099514,23538.7937799902,17021.6895875783,13378.1546999843
91,11,10559.0619229949,10093.3987039008,6708.47582546492,4148.92300069903
91,12,11214.9126520717,11287.9894322112,5358.94566342602,2606.72048388757
91,1,11774.3704506936,12015.6007830936,6159.00571879013,2898.39235873571
91,2,42578.2896434122,39222.1715069207,12248.3068463743,14509.5022038581
91,3,56514.2226200629,59091.8031934568,30858.1313917813,4518.60209730257
91,4,30247.1082670439,27516.0059448562,24059.3964820139,6566.02974563475
91,5,25784.2493700316,24735.3152237841,22238.2615288205,5658.35038294542
91,6,44698.1379332003,40568.0846477361,19359.6798341753,1249.64754762882
91,7,12781.8532215358,11808.4321548995,6800.21018903302,1213.97649526876
91,8,11423.2412978267,9704.79634358296,4837.71014459142,1198.36986995268
91,9,9277.77438946969,8714.77441942213,5886.92091373071,1191.78864426435
92,10,26558.7138082592,27250.3548532616,19522.9306159772,11204.4927995269
92,11,10273.5996802591,9921.68054889454,6974.25710664198,2468.70710478255
92,12,11622.5751263815,11967.0303006335,6131.00869082871,1821.54719818696
92,1,13380.4762823751,13094.8554497331,10689.7674084792,5783.26799106758
92,2,13528.1580701059,19608.8245958853,37985.2065840387,5578.98300363486
92,3,13083.2562735869,13600.1193467327,13762.4886003964,6398.28666258178
92,4,48255.1365629173,47692.1945344796,27085.4166357386,15735.0328725551
92,5,41427.3503159105,40311.9316491898,19000.9778404809,9183.29113789302
92,6,24240.9188685114,31803.1170163441,6774.78370908614,2047.62438791571
92,7,11674.4761358962,12211.3925394341,4478.12095411596,1360.37592409115
92,8,15536.912029274,12054.5822873956,4189.13310783323,1356.65674040135
92,9,12003.8149574534,10720.8907245143,5469.49480466105,2314.60182299787
93,10,26912.9256299763,26838.6244343018,22282.9014870613,18873.0622495563
93,11,13266.9926365688,12820.0137610946,9983.98037447891,7454.42460139102
93,12,21086.8753366124,20878.7686999947,18053.456990448,15672.7674021059
93,1,17586.4344095098,17594.3240371679,16026.8018412067,13864.9197452616
93,2,19707.9744082087,19177.3848080661,16799.0372159413,14412.9456202059
93,3,61880.2962167658,61854.9233128377,59805.7884921768,25839.839109132
93,4,52890.4021344164,52549.3620420803,51013.0837293767,46838.2722998231
93,5,53063.9450164762,52307.543509086,49310.5219120257,39717.8289712229
93,6,39541.6769840555,38841.3357024675,34564.4000508373,22019.7091403955
93,7,21347.1854113488,21278.694678699,13422.6536221993,8796.49273257261
93,8,21588.1041614971,20683.3435630025,15829.5778173168,12996.9163085554
93,9,15833.2350851519,14763.0311483795,12104.9543684708,8832.41179363925
94,10,25094.4749879448,23618.1793759088,21905.5066975994,21492.1023659535
94,11,11948.1797790298,11229.3186572185,11418.9844014579,11225.1494543933
94,12,10508.958593452,11368.9742826322,10861.8538579453,10605.3590402737
94,1,15237.6815951639,10932.0718251726,11999.2013346775,12141.3816819196
94,2,14720.7572510088,9435.66693203538,8616.43999675613,24764.1714502901
94,3,25798.5458226407,12359.7082706541,11696.1698753042,11295.8037681945
94,4,22497.6064093402,19691.1424685671,16821.35095262,15819.1389686681
94,5,20304.9436319916,21181.9676034421,21576.2224345651,20319.0904141922
94,6,9353.54827390518,10832.3582744292,14519.5956755258,17801.629591343
94,7,7931.09604370304,7635.80412367969,6730.21645016027,5788.19103821929
94,8,13354.9001072945,10781.5083025999,8027.81303759263,4579.15469795645
94,9,10351.211704019,9254.95642321841,7121.40297300777,4988.91744635213
95,10,22345.308118892,22585.8197608975,21443.9452576874,19502.1213615012
95,11,11542.9935978778,12406.2651045239,11864.4139676382,11028.7007130468
95,12,13935.4569343283,13754.5278744348,12286.0402269673,11872.8174156418
95,1,10919.958141547,11541.6966587389,11065.8509126717,10627.8863977374
95,2,18954.8076952768,21654.3987726772,24954.4672500304,23545.7902357016
95,3,17472.8406624553,18750.6538938743,20947.7538537428,19404.8233486927
95,4,22660.5052983672,23547.0313060715,22349.3315892725,18745.6705772988
95,5,21227.0746913263,21375.4265355208,19151.3631042432,15814.3413146622
95,6,13763.4420652803,17648.5878185038,18499.6740264504,19206.0936152404
95,7,6831.51949476379,6735.55987079246,5163.31764106424,3531.17425402642
95,8,9099.67837915457,6318.30193127497,2854.9438341375,1481.42356501628
95,9,7547.19781865435,6198.23293067164,3663.18366723726,2014.57607887827
96,10,21099.4137261987,20682.1486600339,18817.9880179484,13829.853111445
96,11,10867.1187648845,10784.4565130023,7043.18451688224,4018.66878018414
96,12,10298.21105204,9323.99545368586,5217.61460452057,2520.71457372156
96,1,10382.2003493856,9568.71147691968,5504.31161496423,2620.62369360989
96,2,11480.8500972415,12335.3704196708,11935.578196447,14643.9042683647
96,3,24657.9057590839,26528.4023163904,4728.14170379152,3635.88766223509
96,4,21761.1184302093,22793.4673865714,7635.37305943768,5412.42614563609
96,5,18095.7194071326,16972.6403270692,5325.04252319415,2710.41901551913
96,6,18024.7540792144,18519.8769907757,1542.98728969121,1207.22705917331
96,7,6081.95700496224,5366.60657913104,1535.44781783558,1211.9732681945
96,8,4087.97342749527,3085.01055651646,1202.3664986299,1191.64596146607
96,9,5288.4369381382,4111.5261271352,1232.32155198188,1203.54035828774
97,10,17539.9040607158,14623.7894706319,8624.51972055714,1148.3063261695
97,11,8875.3929369606,6058.08121251199,3022.05912741828,1098.60287854943
97,12,11544.2521566099,10641.8479571182,7932.40559723522,5393.82553414206
97,1,9725.23274752644,4462.32191240159,1811.87801927634,1118.47971869579
97,2,11998.3283700163,7767.6919418311,2819.21999027939,1278.55365943537
97,3,4769.42652016014,2760.46752117901,1152.77708501714,1003.16197640764
97,4,9717.41955823651,7194.51896004076,3362.31075760798,1181.96742133525
97,5,8747.10782587513,5585.28861459958,2754.82346389275,1215.40148493531
97,6,3300.97662603065,1259.22712313575,1216.95865748237,1192.60743819376
97,7,2887.38093117786,1212.4587584992,1206.17886830302,1205.63771353785
97,8,2918.33959844035,1202.84648344553,1192.11571083319,1187.55651452243
97,9,4038.79421801009,1194.40790402981,1193.03566502727,1176.59261314574
98,10,16177.6296375638,7696.86157603713,1282.73965024554,922.76035214921
98,11,7684.85797442841,4147.81177911213,1783.86739435489,1249.10931032722
98,12,6395.71001391446,3353.66070510403,1526.55467486992,1246.4919984391
98,1,13492.5196034709,10338.0760521643,7232.76850752207,5960.10976494952
98,2,6646.62960018584,3920.74824548111,1755.67210595425,1475.6848285202
98,3,11922.7421306365,10228.5744187025,10675.395455984,9411.57775885322
98,4,24849.5223237599,15369.3271423754,11686.5787718407,6437.00825360115
98,5,24530.6950778413,18678.9877880116,20820.3453960544,2030.73805653802
98,6,32696.9556836715,14245.6146711539,18335.5284127111,1235.70921127547
98,7,9877.87677855788,4632.46141115142,3404.3004080303,1213.06475840776
98,8,10133.1233221918,5278.61844823717,2095.8311262837,1197.82420670826
98,9,7644.56441062276,4843.41815075928,2316.02366592404,1054.46371671352
99,10,26221.0334087589,24971.2530389965,23272.9837448627,9721.74755917432
99,11,10765.8791418924,8051.60374230606,5687.91216449955,1959.23499599676
99,12,9794.40114208443,10516.419116288,6302.55026867048,1318.33980861224
99,1,28982.2217610499,28517.7915225917,27223.3409902551,25166.231306334
99,2,34008.5118687651,34054.5796117643,58388.0779233364,91419.2326841436
99,3,52760.7870387546,70069.9461564663,170111.792724153,220713.438611069
99,4,55541.6713418545,105113.660947953,103913.399923263,97438.0207860848
99,5,53261.0043407677,56585.6854668598,51717.6776952154,48018.0381064158
99,6,37649.4477993098,35252.991979214,31015.3947827525,28686.0851899311
99,7,23831.963895193,17067.6958513214,10809.6560908515,8074.90438226878
99,8,55700.3150458469,19733.8767352367,13261.3936580219,9961.80064329946
99,9,45054.8101455928,32783.9606777161,9692.98116175118,6978.31140952276
100,10,30227.8765620213,27664.9666201275,22300.423861892,21325.5899280426
100,11,11708.2587382929,10658.8345646095,11445.102168281,8641.6501257902
100,12,11136.6254175668,10471.5269382801,10558.2651629252,7211.35619876573
100,1,30057.8309983159,21733.9790868818,12088.0370167795,11594.4070097255
100,2,17154.744284299,20739.6186187817,61718.8968879954,65411.4904779236
100,3,40443.3224951082,37523.7924189585,17952.1183430107,14983.5315568163
100,4,51362.1676664643,50206.515352377,26185.0165903185,23445.3229242182
100,5,38710.3261120505,37485.070563914,24414.0825802775,32091.5891596543
100,6,24870.0157768236,29419.8026764238,35422.6448843245,39127.8188567891
100,7,10780.6507212231,10416.792106858,8546.66317103944,6941.67887218159
100,8,12932.1701172692,10221.0163427909,7621.94498325209,4303.1280328318
100,9,10638.3313100355,9130.95332071142,5963.60363956934,3592.33393997527
